store_id,product_id,oos_rate,co,tau_i,cu
0,712,0.32989690721649484,1.0,0.82,4.55555534362793
1,114,0.20618556701030927,1.0,0.75,3.0
1,796,0.32989690721649484,1.0,0.82,4.55555534362793
10,117,0.32989690721649484,1.0,0.82,4.55555534362793
10,70,0.3711340206185567,1.0,0.82,4.55555534362793
100,4,0.35051546391752575,1.0,0.82,4.55555534362793
101,215,0.26804123711340205,1.0,0.75,3.0
101,691,0.32989690721649484,1.0,0.82,4.55555534362793
101,70,0.3402061855670103,1.0,0.82,4.55555534362793
101,834,0.16494845360824742,1.0,0.75,3.0
102,117,0.21649484536082475,1.0,0.75,3.0
102,143,0.3711340206185567,1.0,0.82,4.55555534362793
102,4,0.36082474226804123,1.0,0.82,4.55555534362793
102,70,0.32989690721649484,1.0,0.82,4.55555534362793
102,834,0.3402061855670103,1.0,0.82,4.55555534362793
105,70,0.3402061855670103,1.0,0.82,4.55555534362793
106,280,0.32989690721649484,1.0,0.82,4.55555534362793
109,104,0.38144329896907214,1.0,0.82,4.55555534362793
11,343,0.25773195876288657,1.0,0.75,3.0
11,70,0.38144329896907214,1.0,0.82,4.55555534362793
113,132,0.1958762886597938,1.0,0.75,3.0
115,796,0.3711340206185567,1.0,0.82,4.55555534362793
118,116,0.38144329896907214,1.0,0.82,4.55555534362793
118,240,0.38144329896907214,1.0,0.82,4.55555534362793
118,41,0.26804123711340205,1.0,0.75,3.0
118,486,0.36082474226804123,1.0,0.82,4.55555534362793
118,76,0.38144329896907214,1.0,0.82,4.55555534362793
119,449,0.31958762886597936,1.0,0.82,4.55555534362793
12,691,0.38144329896907214,1.0,0.82,4.55555534362793
128,300,0.36082474226804123,1.0,0.82,4.55555534362793
128,486,0.35051546391752575,1.0,0.82,4.55555534362793
13,280,0.31958762886597936,1.0,0.82,4.55555534362793
13,692,0.27835051546391754,1.0,0.75,3.0
130,835,0.25773195876288657,1.0,0.75,3.0
131,802,0.17525773195876287,1.0,0.75,3.0
132,144,0.29896907216494845,1.0,0.75,3.0
134,104,0.36082474226804123,1.0,0.82,4.55555534362793
134,118,0.36082474226804123,1.0,0.82,4.55555534362793
134,201,0.29896907216494845,1.0,0.75,3.0
134,796,0.32989690721649484,1.0,0.82,4.55555534362793
134,810,0.27835051546391754,1.0,0.75,3.0
135,114,0.20618556701030927,1.0,0.75,3.0
135,796,0.32989690721649484,1.0,0.82,4.55555534362793
137,104,0.3711340206185567,1.0,0.82,4.55555534362793
137,114,0.2268041237113402,1.0,0.75,3.0
137,118,0.38144329896907214,1.0,0.82,4.55555534362793
137,763,0.35051546391752575,1.0,0.82,4.55555534362793
137,802,0.21649484536082475,1.0,0.75,3.0
14,280,0.30927835051546393,1.0,0.82,4.55555534362793
14,692,0.26804123711340205,1.0,0.75,3.0
140,549,0.26804123711340205,1.0,0.75,3.0
140,802,0.20618556701030927,1.0,0.75,3.0
143,117,0.35051546391752575,1.0,0.82,4.55555534362793
143,691,0.3402061855670103,1.0,0.82,4.55555534362793
144,114,0.18556701030927836,1.0,0.75,3.0
144,118,0.30927835051546393,1.0,0.82,4.55555534362793
144,549,0.3402061855670103,1.0,0.82,4.55555534362793
144,796,0.32989690721649484,1.0,0.82,4.55555534362793
145,41,0.30927835051546393,1.0,0.82,4.55555534362793
145,486,0.38144329896907214,1.0,0.82,4.55555534362793
145,71,0.26804123711340205,1.0,0.75,3.0
145,76,0.36082474226804123,1.0,0.82,4.55555534362793
145,783,0.29896907216494845,1.0,0.75,3.0
145,802,0.1958762886597938,1.0,0.75,3.0
148,486,0.36082474226804123,1.0,0.82,4.55555534362793
148,691,0.38144329896907214,1.0,0.82,4.55555534362793
148,71,0.32989690721649484,1.0,0.82,4.55555534362793
148,76,0.35051546391752575,1.0,0.82,4.55555534362793
15,692,0.26804123711340205,1.0,0.75,3.0
150,796,0.3402061855670103,1.0,0.82,4.55555534362793
151,201,0.3402061855670103,1.0,0.82,4.55555534362793
151,549,0.3402061855670103,1.0,0.82,4.55555534362793
151,71,0.31958762886597936,1.0,0.82,4.55555534362793
152,117,0.35051546391752575,1.0,0.82,4.55555534362793
152,486,0.35051546391752575,1.0,0.82,4.55555534362793
154,363,0.27835051546391754,1.0,0.75,3.0
154,41,0.30927835051546393,1.0,0.82,4.55555534362793
154,567,0.35051546391752575,1.0,0.82,4.55555534362793
154,783,0.3402061855670103,1.0,0.82,4.55555534362793
154,802,0.2268041237113402,1.0,0.75,3.0
156,117,0.29896907216494845,1.0,0.75,3.0
156,386,0.3711340206185567,1.0,0.82,4.55555534362793
156,835,0.28865979381443296,1.0,0.75,3.0
158,467,0.21649484536082475,1.0,0.75,3.0
158,71,0.35051546391752575,1.0,0.82,4.55555534362793
16,467,0.2268041237113402,1.0,0.75,3.0
16,835,0.26804123711340205,1.0,0.75,3.0
160,185,0.35051546391752575,1.0,0.82,4.55555534362793
160,41,0.35051546391752575,1.0,0.82,4.55555534362793
160,802,0.18556701030927836,1.0,0.75,3.0
161,810,0.28865979381443296,1.0,0.75,3.0
162,104,0.38144329896907214,1.0,0.82,4.55555534362793
163,215,0.30927835051546393,1.0,0.82,4.55555534362793
163,343,0.21649484536082475,1.0,0.75,3.0
166,4,0.38144329896907214,1.0,0.82,4.55555534362793
167,104,0.3711340206185567,1.0,0.82,4.55555534362793
167,114,0.17525773195876287,1.0,0.75,3.0
167,118,0.36082474226804123,1.0,0.82,4.55555534362793
167,486,0.3711340206185567,1.0,0.82,4.55555534362793
167,494,0.26804123711340205,1.0,0.75,3.0
167,549,0.30927835051546393,1.0,0.82,4.55555534362793
167,76,0.36082474226804123,1.0,0.82,4.55555534362793
167,775,0.31958762886597936,1.0,0.82,4.55555534362793
168,104,0.38144329896907214,1.0,0.82,4.55555534362793
168,386,0.32989690721649484,1.0,0.82,4.55555534362793
168,4,0.38144329896907214,1.0,0.82,4.55555534362793
168,810,0.38144329896907214,1.0,0.82,4.55555534362793
17,835,0.23711340206185566,1.0,0.75,3.0
170,117,0.36082474226804123,1.0,0.82,4.55555534362793
170,122,0.36082474226804123,1.0,0.82,4.55555534362793
170,215,0.35051546391752575,1.0,0.82,4.55555534362793
170,835,0.25773195876288657,1.0,0.75,3.0
172,300,0.3711340206185567,1.0,0.82,4.55555534362793
172,810,0.3711340206185567,1.0,0.82,4.55555534362793
173,71,0.35051546391752575,1.0,0.82,4.55555534362793
174,104,0.35051546391752575,1.0,0.82,4.55555534362793
174,4,0.38144329896907214,1.0,0.82,4.55555534362793
174,537,0.3402061855670103,1.0,0.82,4.55555534362793
174,796,0.32989690721649484,1.0,0.82,4.55555534362793
176,104,0.35051546391752575,1.0,0.82,4.55555534362793
176,292,0.38144329896907214,1.0,0.82,4.55555534362793
177,796,0.3711340206185567,1.0,0.82,4.55555534362793
178,796,0.35051546391752575,1.0,0.82,4.55555534362793
179,549,0.32989690721649484,1.0,0.82,4.55555534362793
18,4,0.3711340206185567,1.0,0.82,4.55555534362793
18,549,0.30927835051546393,1.0,0.82,4.55555534362793
18,578,0.36082474226804123,1.0,0.82,4.55555534362793
18,71,0.28865979381443296,1.0,0.75,3.0
18,783,0.35051546391752575,1.0,0.82,4.55555534362793
181,114,0.21649484536082475,1.0,0.75,3.0
181,76,0.3711340206185567,1.0,0.82,4.55555534362793
182,185,0.3402061855670103,1.0,0.82,4.55555534362793
182,467,0.26804123711340205,1.0,0.75,3.0
182,71,0.35051546391752575,1.0,0.82,4.55555534362793
182,76,0.36082474226804123,1.0,0.82,4.55555534362793
182,769,0.28865979381443296,1.0,0.75,3.0
182,802,0.17525773195876287,1.0,0.75,3.0
182,810,0.38144329896907214,1.0,0.82,4.55555534362793
183,486,0.32989690721649484,1.0,0.82,4.55555534362793
183,802,0.15463917525773196,1.0,0.75,3.0
184,117,0.38144329896907214,1.0,0.82,4.55555534362793
186,796,0.32989690721649484,1.0,0.82,4.55555534362793
187,802,0.1958762886597938,1.0,0.75,3.0
188,240,0.32989690721649484,1.0,0.82,4.55555534362793
188,783,0.23711340206185566,1.0,0.75,3.0
188,810,0.35051546391752575,1.0,0.82,4.55555534362793
189,300,0.38144329896907214,1.0,0.82,4.55555534362793
189,691,0.38144329896907214,1.0,0.82,4.55555534362793
190,449,0.23711340206185566,1.0,0.75,3.0
191,104,0.38144329896907214,1.0,0.82,4.55555534362793
192,691,0.38144329896907214,1.0,0.82,4.55555534362793
192,796,0.26804123711340205,1.0,0.75,3.0
193,486,0.30927835051546393,1.0,0.82,4.55555534362793
194,76,0.35051546391752575,1.0,0.82,4.55555534362793
194,802,0.16494845360824742,1.0,0.75,3.0
194,810,0.3711340206185567,1.0,0.82,4.55555534362793
195,4,0.35051546391752575,1.0,0.82,4.55555534362793
196,144,0.36082474226804123,1.0,0.82,4.55555534362793
196,486,0.3711340206185567,1.0,0.82,4.55555534362793
196,694,0.21649484536082475,1.0,0.75,3.0
196,76,0.3402061855670103,1.0,0.82,4.55555534362793
196,802,0.1958762886597938,1.0,0.75,3.0
197,240,0.3711340206185567,1.0,0.82,4.55555534362793
197,300,0.38144329896907214,1.0,0.82,4.55555534362793
197,486,0.35051546391752575,1.0,0.82,4.55555534362793
197,76,0.36082474226804123,1.0,0.82,4.55555534362793
197,802,0.21649484536082475,1.0,0.75,3.0
198,104,0.38144329896907214,1.0,0.82,4.55555534362793
198,118,0.36082474226804123,1.0,0.82,4.55555534362793
198,300,0.38144329896907214,1.0,0.82,4.55555534362793
2,122,0.38144329896907214,1.0,0.82,4.55555534362793
2,486,0.31958762886597936,1.0,0.82,4.55555534362793
20,104,0.3402061855670103,1.0,0.82,4.55555534362793
20,132,0.23711340206185566,1.0,0.75,3.0
20,215,0.29896907216494845,1.0,0.75,3.0
20,343,0.30927835051546393,1.0,0.82,4.55555534362793
20,549,0.30927835051546393,1.0,0.82,4.55555534362793
20,835,0.25773195876288657,1.0,0.75,3.0
200,114,0.18556701030927836,1.0,0.75,3.0
200,223,0.38144329896907214,1.0,0.82,4.55555534362793
200,802,0.18556701030927836,1.0,0.75,3.0
201,71,0.29896907216494845,1.0,0.75,3.0
201,76,0.3402061855670103,1.0,0.82,4.55555534362793
201,810,0.31958762886597936,1.0,0.82,4.55555534362793
202,71,0.31958762886597936,1.0,0.82,4.55555534362793
203,300,0.38144329896907214,1.0,0.82,4.55555534362793
203,4,0.3711340206185567,1.0,0.82,4.55555534362793
204,76,0.38144329896907214,1.0,0.82,4.55555534362793
205,215,0.3402061855670103,1.0,0.82,4.55555534362793
209,132,0.32989690721649484,1.0,0.82,4.55555534362793
209,71,0.29896907216494845,1.0,0.75,3.0
21,117,0.24742268041237114,1.0,0.75,3.0
21,215,0.28865979381443296,1.0,0.75,3.0
21,4,0.36082474226804123,1.0,0.82,4.55555534362793
21,834,0.18556701030927836,1.0,0.75,3.0
210,756,0.14432989690721648,1.0,0.75,3.0
211,114,0.17525773195876287,1.0,0.75,3.0
211,190,0.38144329896907214,1.0,0.82,4.55555534362793
211,41,0.25773195876288657,1.0,0.75,3.0
211,783,0.31958762886597936,1.0,0.82,4.55555534362793
211,802,0.20618556701030927,1.0,0.75,3.0
212,116,0.29896907216494845,1.0,0.75,3.0
212,193,0.23711340206185566,1.0,0.75,3.0
212,223,0.3711340206185567,1.0,0.82,4.55555534362793
212,578,0.38144329896907214,1.0,0.82,4.55555534362793
212,783,0.27835051546391754,1.0,0.75,3.0
212,802,0.2268041237113402,1.0,0.75,3.0
214,114,0.1958762886597938,1.0,0.75,3.0
215,104,0.36082474226804123,1.0,0.82,4.55555534362793
215,756,0.14432989690721648,1.0,0.75,3.0
216,118,0.3711340206185567,1.0,0.82,4.55555534362793
216,546,0.32989690721649484,1.0,0.82,4.55555534362793
22,117,0.3402061855670103,1.0,0.82,4.55555534362793
22,215,0.27835051546391754,1.0,0.75,3.0
22,834,0.21649484536082475,1.0,0.75,3.0
221,114,0.2268041237113402,1.0,0.75,3.0
222,835,0.28865979381443296,1.0,0.75,3.0
226,1,0.3402061855670103,1.0,0.82,4.55555534362793
226,775,0.30927835051546393,1.0,0.82,4.55555534362793
228,1,0.28865979381443296,1.0,0.75,3.0
228,117,0.35051546391752575,1.0,0.82,4.55555534362793
229,41,0.3402061855670103,1.0,0.82,4.55555534362793
229,578,0.3402061855670103,1.0,0.82,4.55555534362793
229,71,0.3402061855670103,1.0,0.82,4.55555534362793
229,76,0.31958762886597936,1.0,0.82,4.55555534362793
229,783,0.29896907216494845,1.0,0.75,3.0
23,117,0.23711340206185566,1.0,0.75,3.0
23,691,0.36082474226804123,1.0,0.82,4.55555534362793
230,119,0.36082474226804123,1.0,0.82,4.55555534362793
230,749,0.38144329896907214,1.0,0.82,4.55555534362793
230,775,0.27835051546391754,1.0,0.75,3.0
231,4,0.38144329896907214,1.0,0.82,4.55555534362793
233,71,0.31958762886597936,1.0,0.82,4.55555534362793
234,802,0.18556701030927836,1.0,0.75,3.0
235,351,0.38144329896907214,1.0,0.82,4.55555534362793
235,363,0.26804123711340205,1.0,0.75,3.0
235,41,0.38144329896907214,1.0,0.82,4.55555534362793
235,486,0.32989690721649484,1.0,0.82,4.55555534362793
235,629,0.29896907216494845,1.0,0.75,3.0
235,76,0.29896907216494845,1.0,0.75,3.0
235,802,0.17525773195876287,1.0,0.75,3.0
236,166,0.31958762886597936,1.0,0.82,4.55555534362793
237,114,0.24742268041237114,1.0,0.75,3.0
237,835,0.26804123711340205,1.0,0.75,3.0
239,537,0.35051546391752575,1.0,0.82,4.55555534362793
239,796,0.3402061855670103,1.0,0.82,4.55555534362793
24,300,0.3711340206185567,1.0,0.82,4.55555534362793
24,796,0.26804123711340205,1.0,0.75,3.0
241,114,0.1958762886597938,1.0,0.75,3.0
241,71,0.29896907216494845,1.0,0.75,3.0
242,201,0.32989690721649484,1.0,0.82,4.55555534362793
242,240,0.29896907216494845,1.0,0.75,3.0
242,578,0.31958762886597936,1.0,0.82,4.55555534362793
242,810,0.35051546391752575,1.0,0.82,4.55555534362793
244,1,0.32989690721649484,1.0,0.82,4.55555534362793
245,835,0.23711340206185566,1.0,0.75,3.0
247,386,0.29896907216494845,1.0,0.75,3.0
249,215,0.3711340206185567,1.0,0.82,4.55555534362793
249,386,0.32989690721649484,1.0,0.82,4.55555534362793
249,76,0.38144329896907214,1.0,0.82,4.55555534362793
25,317,0.38144329896907214,1.0,0.82,4.55555534362793
250,190,0.35051546391752575,1.0,0.82,4.55555534362793
250,386,0.35051546391752575,1.0,0.82,4.55555534362793
250,835,0.30927835051546393,1.0,0.82,4.55555534362793
254,117,0.3402061855670103,1.0,0.82,4.55555534362793
254,486,0.35051546391752575,1.0,0.82,4.55555534362793
255,549,0.25773195876288657,1.0,0.75,3.0
255,802,0.16494845360824742,1.0,0.75,3.0
258,300,0.3402061855670103,1.0,0.82,4.55555534362793
260,691,0.36082474226804123,1.0,0.82,4.55555534362793
261,775,0.29896907216494845,1.0,0.75,3.0
262,1,0.38144329896907214,1.0,0.82,4.55555534362793
262,119,0.35051546391752575,1.0,0.82,4.55555534362793
262,132,0.29896907216494845,1.0,0.75,3.0
262,775,0.27835051546391754,1.0,0.75,3.0
263,201,0.35051546391752575,1.0,0.82,4.55555534362793
263,214,0.36082474226804123,1.0,0.82,4.55555534362793
263,240,0.35051546391752575,1.0,0.82,4.55555534362793
263,38,0.38144329896907214,1.0,0.82,4.55555534362793
263,783,0.27835051546391754,1.0,0.75,3.0
263,796,0.38144329896907214,1.0,0.82,4.55555534362793
263,802,0.16494845360824742,1.0,0.75,3.0
263,810,0.3402061855670103,1.0,0.82,4.55555534362793
265,119,0.31958762886597936,1.0,0.82,4.55555534362793
265,775,0.3402061855670103,1.0,0.82,4.55555534362793
266,71,0.38144329896907214,1.0,0.82,4.55555534362793
268,300,0.32989690721649484,1.0,0.82,4.55555534362793
269,775,0.26804123711340205,1.0,0.75,3.0
271,449,0.26804123711340205,1.0,0.75,3.0
271,486,0.32989690721649484,1.0,0.82,4.55555534362793
272,191,0.38144329896907214,1.0,0.82,4.55555534362793
272,215,0.32989690721649484,1.0,0.82,4.55555534362793
273,486,0.3711340206185567,1.0,0.82,4.55555534362793
276,191,0.3711340206185567,1.0,0.82,4.55555534362793
276,215,0.28865979381443296,1.0,0.75,3.0
276,343,0.36082474226804123,1.0,0.82,4.55555534362793
277,215,0.29896907216494845,1.0,0.75,3.0
278,117,0.3402061855670103,1.0,0.82,4.55555534362793
278,215,0.31958762886597936,1.0,0.82,4.55555534362793
278,386,0.32989690721649484,1.0,0.82,4.55555534362793
279,215,0.3711340206185567,1.0,0.82,4.55555534362793
283,215,0.3711340206185567,1.0,0.82,4.55555534362793
283,835,0.25773195876288657,1.0,0.75,3.0
284,116,0.38144329896907214,1.0,0.82,4.55555534362793
284,185,0.35051546391752575,1.0,0.82,4.55555534362793
284,41,0.30927835051546393,1.0,0.82,4.55555534362793
284,810,0.3711340206185567,1.0,0.82,4.55555534362793
285,215,0.29896907216494845,1.0,0.75,3.0
285,835,0.17525773195876287,1.0,0.75,3.0
286,132,0.30927835051546393,1.0,0.82,4.55555534362793
286,343,0.3711340206185567,1.0,0.82,4.55555534362793
286,541,0.35051546391752575,1.0,0.82,4.55555534362793
29,118,0.36082474226804123,1.0,0.82,4.55555534362793
29,30,0.20618556701030927,1.0,0.75,3.0
290,70,0.3711340206185567,1.0,0.82,4.55555534362793
290,834,0.16494845360824742,1.0,0.75,3.0
291,486,0.3402061855670103,1.0,0.82,4.55555534362793
292,215,0.32989690721649484,1.0,0.82,4.55555534362793
293,104,0.3402061855670103,1.0,0.82,4.55555534362793
293,215,0.32989690721649484,1.0,0.82,4.55555534362793
293,343,0.26804123711340205,1.0,0.75,3.0
295,215,0.32989690721649484,1.0,0.82,4.55555534362793
295,835,0.20618556701030927,1.0,0.75,3.0
296,215,0.3711340206185567,1.0,0.82,4.55555534362793
296,666,0.3402061855670103,1.0,0.82,4.55555534362793
297,215,0.24742268041237114,1.0,0.75,3.0
297,4,0.3711340206185567,1.0,0.82,4.55555534362793
297,691,0.38144329896907214,1.0,0.82,4.55555534362793
297,834,0.23711340206185566,1.0,0.75,3.0
298,104,0.35051546391752575,1.0,0.82,4.55555534362793
299,104,0.3711340206185567,1.0,0.82,4.55555534362793
3,117,0.28865979381443296,1.0,0.75,3.0
3,122,0.38144329896907214,1.0,0.82,4.55555534362793
3,343,0.24742268041237114,1.0,0.75,3.0
3,541,0.31958762886597936,1.0,0.82,4.55555534362793
3,70,0.3711340206185567,1.0,0.82,4.55555534362793
3,775,0.30927835051546393,1.0,0.82,4.55555534362793
300,166,0.36082474226804123,1.0,0.82,4.55555534362793
300,201,0.35051546391752575,1.0,0.82,4.55555534362793
300,240,0.35051546391752575,1.0,0.82,4.55555534362793
300,76,0.31958762886597936,1.0,0.82,4.55555534362793
300,783,0.26804123711340205,1.0,0.75,3.0
302,802,0.1958762886597938,1.0,0.75,3.0
303,1,0.3711340206185567,1.0,0.82,4.55555534362793
303,119,0.31958762886597936,1.0,0.82,4.55555534362793
303,541,0.25773195876288657,1.0,0.75,3.0
304,117,0.35051546391752575,1.0,0.82,4.55555534362793
304,215,0.20618556701030927,1.0,0.75,3.0
304,834,0.21649484536082475,1.0,0.75,3.0
305,386,0.28865979381443296,1.0,0.75,3.0
305,4,0.35051546391752575,1.0,0.82,4.55555534362793
305,549,0.2268041237113402,1.0,0.75,3.0
305,802,0.18556701030927836,1.0,0.75,3.0
305,810,0.32989690721649484,1.0,0.82,4.55555534362793
306,117,0.3711340206185567,1.0,0.82,4.55555534362793
306,215,0.24742268041237114,1.0,0.75,3.0
306,834,0.31958762886597936,1.0,0.82,4.55555534362793
307,114,0.2268041237113402,1.0,0.75,3.0
307,4,0.3711340206185567,1.0,0.82,4.55555534362793
307,810,0.30927835051546393,1.0,0.82,4.55555534362793
308,114,0.20618556701030927,1.0,0.75,3.0
308,118,0.3711340206185567,1.0,0.82,4.55555534362793
309,486,0.3711340206185567,1.0,0.82,4.55555534362793
310,4,0.32989690721649484,1.0,0.82,4.55555534362793
310,512,0.3402061855670103,1.0,0.82,4.55555534362793
311,240,0.3711340206185567,1.0,0.82,4.55555534362793
311,41,0.26804123711340205,1.0,0.75,3.0
311,486,0.38144329896907214,1.0,0.82,4.55555534362793
311,549,0.32989690721649484,1.0,0.82,4.55555534362793
311,76,0.36082474226804123,1.0,0.82,4.55555534362793
313,546,0.32989690721649484,1.0,0.82,4.55555534362793
314,4,0.35051546391752575,1.0,0.82,4.55555534362793
314,486,0.36082474226804123,1.0,0.82,4.55555534362793
315,215,0.31958762886597936,1.0,0.82,4.55555534362793
316,117,0.38144329896907214,1.0,0.82,4.55555534362793
318,654,0.25773195876288657,1.0,0.75,3.0
319,215,0.36082474226804123,1.0,0.82,4.55555534362793
320,215,0.38144329896907214,1.0,0.82,4.55555534362793
320,386,0.28865979381443296,1.0,0.75,3.0
320,76,0.32989690721649484,1.0,0.82,4.55555534362793
320,835,0.27835051546391754,1.0,0.75,3.0
323,215,0.3711340206185567,1.0,0.82,4.55555534362793
324,119,0.3402061855670103,1.0,0.82,4.55555534362793
324,132,0.38144329896907214,1.0,0.82,4.55555534362793
324,215,0.38144329896907214,1.0,0.82,4.55555534362793
324,343,0.24742268041237114,1.0,0.75,3.0
324,666,0.3402061855670103,1.0,0.82,4.55555534362793
324,71,0.3402061855670103,1.0,0.82,4.55555534362793
325,119,0.28865979381443296,1.0,0.75,3.0
325,467,0.27835051546391754,1.0,0.75,3.0
325,775,0.29896907216494845,1.0,0.75,3.0
325,835,0.24742268041237114,1.0,0.75,3.0
326,215,0.3402061855670103,1.0,0.82,4.55555534362793
326,835,0.17525773195876287,1.0,0.75,3.0
328,117,0.30927835051546393,1.0,0.82,4.55555534362793
328,215,0.24742268041237114,1.0,0.75,3.0
329,70,0.3711340206185567,1.0,0.82,4.55555534362793
330,215,0.25773195876288657,1.0,0.75,3.0
333,122,0.32989690721649484,1.0,0.82,4.55555534362793
333,215,0.36082474226804123,1.0,0.82,4.55555534362793
333,835,0.25773195876288657,1.0,0.75,3.0
334,119,0.3402061855670103,1.0,0.82,4.55555534362793
335,118,0.3711340206185567,1.0,0.82,4.55555534362793
335,76,0.30927835051546393,1.0,0.82,4.55555534362793
337,123,0.20618556701030927,1.0,0.75,3.0
337,546,0.35051546391752575,1.0,0.82,4.55555534362793
337,691,0.30927835051546393,1.0,0.82,4.55555534362793
339,215,0.29896907216494845,1.0,0.75,3.0
34,796,0.38144329896907214,1.0,0.82,4.55555534362793
340,215,0.30927835051546393,1.0,0.82,4.55555534362793
340,835,0.21649484536082475,1.0,0.75,3.0
341,119,0.31958762886597936,1.0,0.82,4.55555534362793
342,117,0.38144329896907214,1.0,0.82,4.55555534362793
342,215,0.38144329896907214,1.0,0.82,4.55555534362793
343,116,0.32989690721649484,1.0,0.82,4.55555534362793
343,193,0.30927835051546393,1.0,0.82,4.55555534362793
343,240,0.31958762886597936,1.0,0.82,4.55555534362793
343,351,0.3711340206185567,1.0,0.82,4.55555534362793
343,370,0.32989690721649484,1.0,0.82,4.55555534362793
343,386,0.27835051546391754,1.0,0.75,3.0
343,41,0.29896907216494845,1.0,0.75,3.0
343,467,0.20618556701030927,1.0,0.75,3.0
343,486,0.38144329896907214,1.0,0.82,4.55555534362793
343,578,0.38144329896907214,1.0,0.82,4.55555534362793
343,76,0.28865979381443296,1.0,0.75,3.0
343,769,0.32989690721649484,1.0,0.82,4.55555534362793
343,783,0.32989690721649484,1.0,0.82,4.55555534362793
346,309,0.27835051546391754,1.0,0.75,3.0
347,215,0.31958762886597936,1.0,0.82,4.55555534362793
348,810,0.29896907216494845,1.0,0.75,3.0
35,104,0.36082474226804123,1.0,0.82,4.55555534362793
35,4,0.38144329896907214,1.0,0.82,4.55555534362793
350,694,0.26804123711340205,1.0,0.75,3.0
351,215,0.21649484536082475,1.0,0.75,3.0
352,692,0.3402061855670103,1.0,0.82,4.55555534362793
353,104,0.38144329896907214,1.0,0.82,4.55555534362793
355,132,0.28865979381443296,1.0,0.75,3.0
355,215,0.36082474226804123,1.0,0.82,4.55555534362793
355,682,0.38144329896907214,1.0,0.82,4.55555534362793
356,117,0.3402061855670103,1.0,0.82,4.55555534362793
356,215,0.16494845360824742,1.0,0.75,3.0
356,70,0.3402061855670103,1.0,0.82,4.55555534362793
356,834,0.17525773195876287,1.0,0.75,3.0
357,119,0.35051546391752575,1.0,0.82,4.55555534362793
357,835,0.28865979381443296,1.0,0.75,3.0
358,191,0.38144329896907214,1.0,0.82,4.55555534362793
358,215,0.28865979381443296,1.0,0.75,3.0
360,215,0.35051546391752575,1.0,0.82,4.55555534362793
361,104,0.3711340206185567,1.0,0.82,4.55555534362793
361,215,0.35051546391752575,1.0,0.82,4.55555534362793
362,215,0.3402061855670103,1.0,0.82,4.55555534362793
362,467,0.23711340206185566,1.0,0.75,3.0
362,775,0.26804123711340205,1.0,0.75,3.0
363,4,0.36082474226804123,1.0,0.82,4.55555534362793
364,835,0.3402061855670103,1.0,0.82,4.55555534362793
365,191,0.31958762886597936,1.0,0.82,4.55555534362793
365,215,0.3402061855670103,1.0,0.82,4.55555534362793
366,467,0.1958762886597938,1.0,0.75,3.0
366,694,0.24742268041237114,1.0,0.75,3.0
367,117,0.36082474226804123,1.0,0.82,4.55555534362793
367,122,0.35051546391752575,1.0,0.82,4.55555534362793
367,215,0.28865979381443296,1.0,0.75,3.0
367,835,0.23711340206185566,1.0,0.75,3.0
368,30,0.3402061855670103,1.0,0.82,4.55555534362793
368,300,0.38144329896907214,1.0,0.82,4.55555534362793
368,4,0.36082474226804123,1.0,0.82,4.55555534362793
368,540,0.35051546391752575,1.0,0.82,4.55555534362793
370,796,0.35051546391752575,1.0,0.82,4.55555534362793
371,114,0.2268041237113402,1.0,0.75,3.0
371,71,0.27835051546391754,1.0,0.75,3.0
372,117,0.32989690721649484,1.0,0.82,4.55555534362793
372,70,0.3711340206185567,1.0,0.82,4.55555534362793
374,117,0.35051546391752575,1.0,0.82,4.55555534362793
374,215,0.30927835051546393,1.0,0.82,4.55555534362793
375,300,0.36082474226804123,1.0,0.82,4.55555534362793
376,386,0.38144329896907214,1.0,0.82,4.55555534362793
376,835,0.26804123711340205,1.0,0.75,3.0
378,71,0.35051546391752575,1.0,0.82,4.55555534362793
379,119,0.3402061855670103,1.0,0.82,4.55555534362793
382,549,0.27835051546391754,1.0,0.75,3.0
382,810,0.3711340206185567,1.0,0.82,4.55555534362793
383,386,0.31958762886597936,1.0,0.82,4.55555534362793
383,835,0.17525773195876287,1.0,0.75,3.0
385,1,0.3402061855670103,1.0,0.82,4.55555534362793
385,117,0.35051546391752575,1.0,0.82,4.55555534362793
385,119,0.32989690721649484,1.0,0.82,4.55555534362793
385,132,0.38144329896907214,1.0,0.82,4.55555534362793
385,691,0.3711340206185567,1.0,0.82,4.55555534362793
385,70,0.38144329896907214,1.0,0.82,4.55555534362793
386,796,0.35051546391752575,1.0,0.82,4.55555534362793
389,117,0.38144329896907214,1.0,0.82,4.55555534362793
389,467,0.1958762886597938,1.0,0.75,3.0
389,775,0.3402061855670103,1.0,0.82,4.55555534362793
389,834,0.18556701030927836,1.0,0.75,3.0
393,50,0.26804123711340205,1.0,0.75,3.0
395,116,0.32989690721649484,1.0,0.82,4.55555534362793
395,835,0.29896907216494845,1.0,0.75,3.0
397,756,0.18556701030927836,1.0,0.75,3.0
4,691,0.3711340206185567,1.0,0.82,4.55555534362793
4,70,0.3711340206185567,1.0,0.82,4.55555534362793
4,834,0.23711340206185566,1.0,0.75,3.0
402,71,0.3402061855670103,1.0,0.82,4.55555534362793
404,118,0.29896907216494845,1.0,0.75,3.0
404,132,0.3711340206185567,1.0,0.82,4.55555534362793
405,118,0.3711340206185567,1.0,0.82,4.55555534362793
405,537,0.35051546391752575,1.0,0.82,4.55555534362793
406,118,0.32989690721649484,1.0,0.82,4.55555534362793
406,486,0.35051546391752575,1.0,0.82,4.55555534362793
406,810,0.38144329896907214,1.0,0.82,4.55555534362793
409,168,0.21649484536082475,1.0,0.75,3.0
409,33,0.15463917525773196,1.0,0.75,3.0
409,39,0.28865979381443296,1.0,0.75,3.0
409,498,0.2268041237113402,1.0,0.75,3.0
409,546,0.30927835051546393,1.0,0.82,4.55555534362793
409,685,0.26804123711340205,1.0,0.75,3.0
409,708,0.20618556701030927,1.0,0.75,3.0
409,756,0.28865979381443296,1.0,0.75,3.0
409,844,0.38144329896907214,1.0,0.82,4.55555534362793
409,96,0.29896907216494845,1.0,0.75,3.0
41,114,0.16494845360824742,1.0,0.75,3.0
410,132,0.27835051546391754,1.0,0.75,3.0
410,215,0.3402061855670103,1.0,0.82,4.55555534362793
411,118,0.38144329896907214,1.0,0.82,4.55555534362793
411,549,0.2268041237113402,1.0,0.75,3.0
411,810,0.36082474226804123,1.0,0.82,4.55555534362793
413,132,0.32989690721649484,1.0,0.82,4.55555534362793
413,215,0.35051546391752575,1.0,0.82,4.55555534362793
413,37,0.28865979381443296,1.0,0.75,3.0
414,117,0.3711340206185567,1.0,0.82,4.55555534362793
414,691,0.38144329896907214,1.0,0.82,4.55555534362793
415,546,0.30927835051546393,1.0,0.82,4.55555534362793
417,1,0.3402061855670103,1.0,0.82,4.55555534362793
417,114,0.31958762886597936,1.0,0.82,4.55555534362793
417,756,0.2268041237113402,1.0,0.75,3.0
418,835,0.24742268041237114,1.0,0.75,3.0
42,381,0.20618556701030927,1.0,0.75,3.0
420,117,0.38144329896907214,1.0,0.82,4.55555534362793
420,486,0.36082474226804123,1.0,0.82,4.55555534362793
420,76,0.35051546391752575,1.0,0.82,4.55555534362793
421,1,0.38144329896907214,1.0,0.82,4.55555534362793
421,70,0.31958762886597936,1.0,0.82,4.55555534362793
422,215,0.36082474226804123,1.0,0.82,4.55555534362793
424,386,0.32989690721649484,1.0,0.82,4.55555534362793
426,114,0.2268041237113402,1.0,0.75,3.0
426,118,0.38144329896907214,1.0,0.82,4.55555534362793
427,386,0.36082474226804123,1.0,0.82,4.55555534362793
427,775,0.26804123711340205,1.0,0.75,3.0
427,835,0.18556701030927836,1.0,0.75,3.0
428,117,0.31958762886597936,1.0,0.82,4.55555534362793
428,215,0.20618556701030927,1.0,0.75,3.0
43,102,0.31958762886597936,1.0,0.82,4.55555534362793
43,4,0.38144329896907214,1.0,0.82,4.55555534362793
430,215,0.24742268041237114,1.0,0.75,3.0
430,343,0.25773195876288657,1.0,0.75,3.0
430,666,0.3711340206185567,1.0,0.82,4.55555534362793
430,835,0.16494845360824742,1.0,0.75,3.0
431,240,0.36082474226804123,1.0,0.82,4.55555534362793
431,41,0.38144329896907214,1.0,0.82,4.55555534362793
431,549,0.29896907216494845,1.0,0.75,3.0
431,775,0.38144329896907214,1.0,0.82,4.55555534362793
431,783,0.31958762886597936,1.0,0.82,4.55555534362793
432,119,0.38144329896907214,1.0,0.82,4.55555534362793
432,70,0.3711340206185567,1.0,0.82,4.55555534362793
434,1,0.30927835051546393,1.0,0.82,4.55555534362793
434,166,0.3711340206185567,1.0,0.82,4.55555534362793
434,76,0.30927835051546393,1.0,0.82,4.55555534362793
436,117,0.3711340206185567,1.0,0.82,4.55555534362793
436,486,0.36082474226804123,1.0,0.82,4.55555534362793
440,70,0.3711340206185567,1.0,0.82,4.55555534362793
441,118,0.32989690721649484,1.0,0.82,4.55555534362793
441,796,0.31958762886597936,1.0,0.82,4.55555534362793
442,104,0.3711340206185567,1.0,0.82,4.55555534362793
442,114,0.20618556701030927,1.0,0.75,3.0
442,118,0.3402061855670103,1.0,0.82,4.55555534362793
442,546,0.3402061855670103,1.0,0.82,4.55555534362793
442,775,0.36082474226804123,1.0,0.82,4.55555534362793
442,802,0.18556701030927836,1.0,0.75,3.0
446,386,0.3711340206185567,1.0,0.82,4.55555534362793
446,549,0.30927835051546393,1.0,0.82,4.55555534362793
447,775,0.25773195876288657,1.0,0.75,3.0
449,104,0.38144329896907214,1.0,0.82,4.55555534362793
45,186,0.30927835051546393,1.0,0.82,4.55555534362793
45,381,0.27835051546391754,1.0,0.75,3.0
45,590,0.29896907216494845,1.0,0.75,3.0
451,1,0.30927835051546393,1.0,0.82,4.55555534362793
451,70,0.36082474226804123,1.0,0.82,4.55555534362793
452,4,0.3711340206185567,1.0,0.82,4.55555534362793
452,449,0.29896907216494845,1.0,0.75,3.0
452,486,0.3711340206185567,1.0,0.82,4.55555534362793
453,119,0.3402061855670103,1.0,0.82,4.55555534362793
455,1,0.32989690721649484,1.0,0.82,4.55555534362793
455,104,0.26804123711340205,1.0,0.75,3.0
455,119,0.30927835051546393,1.0,0.82,4.55555534362793
455,775,0.27835051546391754,1.0,0.75,3.0
457,246,0.30927835051546393,1.0,0.82,4.55555534362793
457,486,0.36082474226804123,1.0,0.82,4.55555534362793
457,685,0.28865979381443296,1.0,0.75,3.0
457,691,0.32989690721649484,1.0,0.82,4.55555534362793
458,1,0.3402061855670103,1.0,0.82,4.55555534362793
458,117,0.3711340206185567,1.0,0.82,4.55555534362793
458,119,0.28865979381443296,1.0,0.75,3.0
458,132,0.25773195876288657,1.0,0.75,3.0
458,70,0.32989690721649484,1.0,0.82,4.55555534362793
46,223,0.38144329896907214,1.0,0.82,4.55555534362793
46,486,0.38144329896907214,1.0,0.82,4.55555534362793
46,802,0.16494845360824742,1.0,0.75,3.0
460,76,0.32989690721649484,1.0,0.82,4.55555534362793
460,835,0.20618556701030927,1.0,0.75,3.0
462,386,0.38144329896907214,1.0,0.82,4.55555534362793
462,775,0.27835051546391754,1.0,0.75,3.0
462,835,0.25773195876288657,1.0,0.75,3.0
463,215,0.26804123711340205,1.0,0.75,3.0
464,215,0.38144329896907214,1.0,0.82,4.55555534362793
465,215,0.25773195876288657,1.0,0.75,3.0
465,343,0.28865979381443296,1.0,0.75,3.0
466,132,0.36082474226804123,1.0,0.82,4.55555534362793
466,215,0.38144329896907214,1.0,0.82,4.55555534362793
467,756,0.15463917525773196,1.0,0.75,3.0
468,796,0.3711340206185567,1.0,0.82,4.55555534362793
469,343,0.27835051546391754,1.0,0.75,3.0
469,386,0.28865979381443296,1.0,0.75,3.0
469,467,0.18556701030927836,1.0,0.75,3.0
469,775,0.30927835051546393,1.0,0.82,4.55555534362793
469,835,0.29896907216494845,1.0,0.75,3.0
471,549,0.27835051546391754,1.0,0.75,3.0
471,71,0.36082474226804123,1.0,0.82,4.55555534362793
472,215,0.35051546391752575,1.0,0.82,4.55555534362793
473,215,0.38144329896907214,1.0,0.82,4.55555534362793
473,343,0.21649484536082475,1.0,0.75,3.0
473,467,0.23711340206185566,1.0,0.75,3.0
473,835,0.32989690721649484,1.0,0.82,4.55555534362793
474,343,0.30927835051546393,1.0,0.82,4.55555534362793
474,441,0.1958762886597938,1.0,0.75,3.0
474,467,0.16494845360824742,1.0,0.75,3.0
474,835,0.24742268041237114,1.0,0.75,3.0
475,215,0.3402061855670103,1.0,0.82,4.55555534362793
475,775,0.31958762886597936,1.0,0.82,4.55555534362793
476,1,0.36082474226804123,1.0,0.82,4.55555534362793
476,215,0.35051546391752575,1.0,0.82,4.55555534362793
476,71,0.32989690721649484,1.0,0.82,4.55555534362793
476,775,0.3711340206185567,1.0,0.82,4.55555534362793
477,775,0.23711340206185566,1.0,0.75,3.0
478,117,0.38144329896907214,1.0,0.82,4.55555534362793
478,215,0.38144329896907214,1.0,0.82,4.55555534362793
478,292,0.3711340206185567,1.0,0.82,4.55555534362793
478,775,0.24742268041237114,1.0,0.75,3.0
478,835,0.20618556701030927,1.0,0.75,3.0
479,132,0.38144329896907214,1.0,0.82,4.55555534362793
48,590,0.24742268041237114,1.0,0.75,3.0
480,117,0.38144329896907214,1.0,0.82,4.55555534362793
481,41,0.31958762886597936,1.0,0.82,4.55555534362793
483,1,0.3402061855670103,1.0,0.82,4.55555534362793
485,119,0.31958762886597936,1.0,0.82,4.55555534362793
485,132,0.36082474226804123,1.0,0.82,4.55555534362793
485,215,0.36082474226804123,1.0,0.82,4.55555534362793
485,4,0.36082474226804123,1.0,0.82,4.55555534362793
485,666,0.3711340206185567,1.0,0.82,4.55555534362793
487,104,0.3711340206185567,1.0,0.82,4.55555534362793
489,114,0.30927835051546393,1.0,0.82,4.55555534362793
49,215,0.36082474226804123,1.0,0.82,4.55555534362793
49,835,0.25773195876288657,1.0,0.75,3.0
490,122,0.38144329896907214,1.0,0.82,4.55555534362793
490,215,0.32989690721649484,1.0,0.82,4.55555534362793
490,835,0.16494845360824742,1.0,0.75,3.0
491,215,0.36082474226804123,1.0,0.82,4.55555534362793
492,215,0.3711340206185567,1.0,0.82,4.55555534362793
493,118,0.29896907216494845,1.0,0.75,3.0
493,343,0.29896907216494845,1.0,0.75,3.0
493,441,0.26804123711340205,1.0,0.75,3.0
493,467,0.3711340206185567,1.0,0.82,4.55555534362793
493,775,0.2268041237113402,1.0,0.75,3.0
494,4,0.35051546391752575,1.0,0.82,4.55555534362793
495,775,0.26804123711340205,1.0,0.75,3.0
497,215,0.36082474226804123,1.0,0.82,4.55555534362793
498,467,0.28865979381443296,1.0,0.75,3.0
499,191,0.35051546391752575,1.0,0.82,4.55555534362793
499,215,0.31958762886597936,1.0,0.82,4.55555534362793
50,835,0.1958762886597938,1.0,0.75,3.0
501,215,0.32989690721649484,1.0,0.82,4.55555534362793
502,117,0.3402061855670103,1.0,0.82,4.55555534362793
503,215,0.36082474226804123,1.0,0.82,4.55555534362793
504,666,0.3402061855670103,1.0,0.82,4.55555534362793
505,117,0.29896907216494845,1.0,0.75,3.0
505,215,0.35051546391752575,1.0,0.82,4.55555534362793
505,4,0.3711340206185567,1.0,0.82,4.55555534362793
506,215,0.3402061855670103,1.0,0.82,4.55555534362793
506,343,0.31958762886597936,1.0,0.82,4.55555534362793
506,71,0.3402061855670103,1.0,0.82,4.55555534362793
506,835,0.15463917525773196,1.0,0.75,3.0
507,467,0.1958762886597938,1.0,0.75,3.0
507,71,0.36082474226804123,1.0,0.82,4.55555534362793
508,215,0.38144329896907214,1.0,0.82,4.55555534362793
508,835,0.20618556701030927,1.0,0.75,3.0
51,1,0.36082474226804123,1.0,0.82,4.55555534362793
510,104,0.3402061855670103,1.0,0.82,4.55555534362793
512,386,0.31958762886597936,1.0,0.82,4.55555534362793
513,467,0.24742268041237114,1.0,0.75,3.0
513,835,0.20618556701030927,1.0,0.75,3.0
514,300,0.32989690721649484,1.0,0.82,4.55555534362793
514,666,0.3402061855670103,1.0,0.82,4.55555534362793
516,117,0.38144329896907214,1.0,0.82,4.55555534362793
517,117,0.36082474226804123,1.0,0.82,4.55555534362793
517,486,0.36082474226804123,1.0,0.82,4.55555534362793
517,691,0.38144329896907214,1.0,0.82,4.55555534362793
517,71,0.29896907216494845,1.0,0.75,3.0
517,76,0.35051546391752575,1.0,0.82,4.55555534362793
518,215,0.29896907216494845,1.0,0.75,3.0
519,215,0.38144329896907214,1.0,0.82,4.55555534362793
519,343,0.17525773195876287,1.0,0.75,3.0
519,666,0.31958762886597936,1.0,0.82,4.55555534362793
520,215,0.35051546391752575,1.0,0.82,4.55555534362793
521,240,0.32989690721649484,1.0,0.82,4.55555534362793
521,481,0.35051546391752575,1.0,0.82,4.55555534362793
521,691,0.36082474226804123,1.0,0.82,4.55555534362793
522,486,0.29896907216494845,1.0,0.75,3.0
523,215,0.29896907216494845,1.0,0.75,3.0
523,666,0.38144329896907214,1.0,0.82,4.55555534362793
526,215,0.30927835051546393,1.0,0.82,4.55555534362793
527,215,0.35051546391752575,1.0,0.82,4.55555534362793
528,104,0.29896907216494845,1.0,0.75,3.0
528,117,0.28865979381443296,1.0,0.75,3.0
529,117,0.32989690721649484,1.0,0.82,4.55555534362793
529,132,0.23711340206185566,1.0,0.75,3.0
529,191,0.38144329896907214,1.0,0.82,4.55555534362793
529,4,0.32989690721649484,1.0,0.82,4.55555534362793
53,132,0.3711340206185567,1.0,0.82,4.55555534362793
530,666,0.3711340206185567,1.0,0.82,4.55555534362793
531,132,0.28865979381443296,1.0,0.75,3.0
531,215,0.3711340206185567,1.0,0.82,4.55555534362793
531,343,0.28865979381443296,1.0,0.75,3.0
531,666,0.35051546391752575,1.0,0.82,4.55555534362793
531,835,0.2268041237113402,1.0,0.75,3.0
532,132,0.17525773195876287,1.0,0.75,3.0
532,215,0.29896907216494845,1.0,0.75,3.0
532,343,0.30927835051546393,1.0,0.82,4.55555534362793
532,835,0.2268041237113402,1.0,0.75,3.0
533,132,0.28865979381443296,1.0,0.75,3.0
533,215,0.38144329896907214,1.0,0.82,4.55555534362793
533,343,0.25773195876288657,1.0,0.75,3.0
533,835,0.25773195876288657,1.0,0.75,3.0
534,835,0.28865979381443296,1.0,0.75,3.0
535,132,0.30927835051546393,1.0,0.82,4.55555534362793
536,486,0.3711340206185567,1.0,0.82,4.55555534362793
537,119,0.31958762886597936,1.0,0.82,4.55555534362793
537,246,0.38144329896907214,1.0,0.82,4.55555534362793
537,691,0.3402061855670103,1.0,0.82,4.55555534362793
54,4,0.3711340206185567,1.0,0.82,4.55555534362793
540,114,0.20618556701030927,1.0,0.75,3.0
540,71,0.3402061855670103,1.0,0.82,4.55555534362793
540,796,0.38144329896907214,1.0,0.82,4.55555534362793
541,132,0.3402061855670103,1.0,0.82,4.55555534362793
541,343,0.3711340206185567,1.0,0.82,4.55555534362793
541,467,0.30927835051546393,1.0,0.82,4.55555534362793
542,215,0.29896907216494845,1.0,0.75,3.0
543,116,0.32989690721649484,1.0,0.82,4.55555534362793
543,215,0.32989690721649484,1.0,0.82,4.55555534362793
543,712,0.25773195876288657,1.0,0.75,3.0
543,835,0.21649484536082475,1.0,0.75,3.0
544,122,0.35051546391752575,1.0,0.82,4.55555534362793
544,132,0.32989690721649484,1.0,0.82,4.55555534362793
545,215,0.3711340206185567,1.0,0.82,4.55555534362793
546,546,0.38144329896907214,1.0,0.82,4.55555534362793
547,215,0.3711340206185567,1.0,0.82,4.55555534362793
549,215,0.3711340206185567,1.0,0.82,4.55555534362793
549,343,0.25773195876288657,1.0,0.75,3.0
549,666,0.36082474226804123,1.0,0.82,4.55555534362793
55,114,0.25773195876288657,1.0,0.75,3.0
55,467,0.24742268041237114,1.0,0.75,3.0
550,117,0.23711340206185566,1.0,0.75,3.0
550,132,0.24742268041237114,1.0,0.75,3.0
550,215,0.32989690721649484,1.0,0.82,4.55555534362793
552,796,0.36082474226804123,1.0,0.82,4.55555534362793
554,1,0.31958762886597936,1.0,0.82,4.55555534362793
554,201,0.32989690721649484,1.0,0.82,4.55555534362793
554,292,0.31958762886597936,1.0,0.82,4.55555534362793
554,351,0.35051546391752575,1.0,0.82,4.55555534362793
554,486,0.36082474226804123,1.0,0.82,4.55555534362793
554,578,0.36082474226804123,1.0,0.82,4.55555534362793
554,682,0.23711340206185566,1.0,0.75,3.0
554,76,0.32989690721649484,1.0,0.82,4.55555534362793
554,783,0.32989690721649484,1.0,0.82,4.55555534362793
554,810,0.36082474226804123,1.0,0.82,4.55555534362793
555,116,0.32989690721649484,1.0,0.82,4.55555534362793
555,166,0.38144329896907214,1.0,0.82,4.55555534362793
555,201,0.30927835051546393,1.0,0.82,4.55555534362793
555,240,0.31958762886597936,1.0,0.82,4.55555534362793
555,292,0.3711340206185567,1.0,0.82,4.55555534362793
555,549,0.29896907216494845,1.0,0.75,3.0
555,578,0.38144329896907214,1.0,0.82,4.55555534362793
555,682,0.26804123711340205,1.0,0.75,3.0
555,76,0.26804123711340205,1.0,0.75,3.0
555,769,0.32989690721649484,1.0,0.82,4.55555534362793
555,783,0.25773195876288657,1.0,0.75,3.0
555,802,0.15463917525773196,1.0,0.75,3.0
556,132,0.28865979381443296,1.0,0.75,3.0
556,201,0.30927835051546393,1.0,0.82,4.55555534362793
556,292,0.3711340206185567,1.0,0.82,4.55555534362793
556,4,0.3711340206185567,1.0,0.82,4.55555534362793
556,486,0.32989690721649484,1.0,0.82,4.55555534362793
556,578,0.3711340206185567,1.0,0.82,4.55555534362793
556,682,0.23711340206185566,1.0,0.75,3.0
556,783,0.30927835051546393,1.0,0.82,4.55555534362793
557,118,0.36082474226804123,1.0,0.82,4.55555534362793
557,223,0.36082474226804123,1.0,0.82,4.55555534362793
557,549,0.28865979381443296,1.0,0.75,3.0
557,71,0.38144329896907214,1.0,0.82,4.55555534362793
557,76,0.3711340206185567,1.0,0.82,4.55555534362793
557,769,0.3402061855670103,1.0,0.82,4.55555534362793
559,215,0.28865979381443296,1.0,0.75,3.0
559,343,0.28865979381443296,1.0,0.75,3.0
560,191,0.38144329896907214,1.0,0.82,4.55555534362793
560,215,0.3402061855670103,1.0,0.82,4.55555534362793
561,122,0.36082474226804123,1.0,0.82,4.55555534362793
561,215,0.31958762886597936,1.0,0.82,4.55555534362793
561,835,0.24742268041237114,1.0,0.75,3.0
564,104,0.3402061855670103,1.0,0.82,4.55555534362793
564,118,0.32989690721649484,1.0,0.82,4.55555534362793
564,123,0.17525773195876287,1.0,0.75,3.0
564,132,0.3711340206185567,1.0,0.82,4.55555534362793
564,71,0.38144329896907214,1.0,0.82,4.55555534362793
564,835,0.1958762886597938,1.0,0.75,3.0
565,122,0.3711340206185567,1.0,0.82,4.55555534362793
565,215,0.36082474226804123,1.0,0.82,4.55555534362793
565,835,0.18556701030927836,1.0,0.75,3.0
566,191,0.38144329896907214,1.0,0.82,4.55555534362793
566,215,0.24742268041237114,1.0,0.75,3.0
567,118,0.35051546391752575,1.0,0.82,4.55555534362793
568,215,0.3402061855670103,1.0,0.82,4.55555534362793
569,122,0.38144329896907214,1.0,0.82,4.55555534362793
569,215,0.3711340206185567,1.0,0.82,4.55555534362793
57,41,0.29896907216494845,1.0,0.75,3.0
570,132,0.32989690721649484,1.0,0.82,4.55555534362793
570,619,0.2268041237113402,1.0,0.75,3.0
570,71,0.32989690721649484,1.0,0.82,4.55555534362793
571,132,0.36082474226804123,1.0,0.82,4.55555534362793
571,215,0.3711340206185567,1.0,0.82,4.55555534362793
572,117,0.3711340206185567,1.0,0.82,4.55555534362793
572,122,0.32989690721649484,1.0,0.82,4.55555534362793
572,215,0.3711340206185567,1.0,0.82,4.55555534362793
572,343,0.28865979381443296,1.0,0.75,3.0
572,549,0.32989690721649484,1.0,0.82,4.55555534362793
572,71,0.35051546391752575,1.0,0.82,4.55555534362793
572,835,0.15463917525773196,1.0,0.75,3.0
573,215,0.27835051546391754,1.0,0.75,3.0
573,835,0.14432989690721648,1.0,0.75,3.0
576,215,0.36082474226804123,1.0,0.82,4.55555534362793
576,666,0.30927835051546393,1.0,0.82,4.55555534362793
577,114,0.26804123711340205,1.0,0.75,3.0
577,118,0.38144329896907214,1.0,0.82,4.55555534362793
577,122,0.3402061855670103,1.0,0.82,4.55555534362793
577,30,0.30927835051546393,1.0,0.82,4.55555534362793
577,540,0.31958762886597936,1.0,0.82,4.55555534362793
577,549,0.29896907216494845,1.0,0.75,3.0
577,76,0.26804123711340205,1.0,0.75,3.0
578,4,0.38144329896907214,1.0,0.82,4.55555534362793
581,292,0.35051546391752575,1.0,0.82,4.55555534362793
582,132,0.28865979381443296,1.0,0.75,3.0
582,546,0.32989690721649484,1.0,0.82,4.55555534362793
582,666,0.35051546391752575,1.0,0.82,4.55555534362793
582,691,0.3402061855670103,1.0,0.82,4.55555534362793
585,309,0.26804123711340205,1.0,0.75,3.0
586,114,0.25773195876288657,1.0,0.75,3.0
586,802,0.14432989690721648,1.0,0.75,3.0
586,810,0.32989690721649484,1.0,0.82,4.55555534362793
59,114,0.21649484536082475,1.0,0.75,3.0
593,71,0.30927835051546393,1.0,0.82,4.55555534362793
595,4,0.36082474226804123,1.0,0.82,4.55555534362793
596,114,0.18556701030927836,1.0,0.75,3.0
596,41,0.23711340206185566,1.0,0.75,3.0
596,549,0.24742268041237114,1.0,0.75,3.0
596,802,0.18556701030927836,1.0,0.75,3.0
598,835,0.2268041237113402,1.0,0.75,3.0
599,796,0.38144329896907214,1.0,0.82,4.55555534362793
6,191,0.3711340206185567,1.0,0.82,4.55555534362793
6,215,0.3711340206185567,1.0,0.82,4.55555534362793
6,835,0.20618556701030927,1.0,0.75,3.0
60,166,0.32989690721649484,1.0,0.82,4.55555534362793
60,76,0.3402061855670103,1.0,0.82,4.55555534362793
600,546,0.31958762886597936,1.0,0.82,4.55555534362793
600,71,0.29896907216494845,1.0,0.75,3.0
601,215,0.3711340206185567,1.0,0.82,4.55555534362793
602,104,0.38144329896907214,1.0,0.82,4.55555534362793
602,117,0.28865979381443296,1.0,0.75,3.0
602,215,0.35051546391752575,1.0,0.82,4.55555534362793
602,4,0.36082474226804123,1.0,0.82,4.55555534362793
602,810,0.28865979381443296,1.0,0.75,3.0
602,835,0.17525773195876287,1.0,0.75,3.0
605,132,0.36082474226804123,1.0,0.82,4.55555534362793
605,215,0.3711340206185567,1.0,0.82,4.55555534362793
607,104,0.28865979381443296,1.0,0.75,3.0
607,114,0.31958762886597936,1.0,0.82,4.55555534362793
607,119,0.38144329896907214,1.0,0.82,4.55555534362793
607,215,0.38144329896907214,1.0,0.82,4.55555534362793
607,343,0.30927835051546393,1.0,0.82,4.55555534362793
607,71,0.32989690721649484,1.0,0.82,4.55555534362793
608,117,0.32989690721649484,1.0,0.82,4.55555534362793
608,215,0.3402061855670103,1.0,0.82,4.55555534362793
61,796,0.32989690721649484,1.0,0.82,4.55555534362793
610,309,0.29896907216494845,1.0,0.75,3.0
610,685,0.27835051546391754,1.0,0.75,3.0
613,119,0.29896907216494845,1.0,0.75,3.0
613,691,0.30927835051546393,1.0,0.82,4.55555534362793
614,4,0.38144329896907214,1.0,0.82,4.55555534362793
615,215,0.31958762886597936,1.0,0.82,4.55555534362793
616,215,0.30927835051546393,1.0,0.82,4.55555534362793
617,215,0.31958762886597936,1.0,0.82,4.55555534362793
621,775,0.32989690721649484,1.0,0.82,4.55555534362793
622,215,0.29896907216494845,1.0,0.75,3.0
624,191,0.38144329896907214,1.0,0.82,4.55555534362793
624,215,0.30927835051546393,1.0,0.82,4.55555534362793
625,215,0.3402061855670103,1.0,0.82,4.55555534362793
627,309,0.31958762886597936,1.0,0.82,4.55555534362793
627,317,0.30927835051546393,1.0,0.82,4.55555534362793
628,114,0.1958762886597938,1.0,0.75,3.0
628,796,0.36082474226804123,1.0,0.82,4.55555534362793
63,117,0.3711340206185567,1.0,0.82,4.55555534362793
63,775,0.36082474226804123,1.0,0.82,4.55555534362793
63,834,0.21649484536082475,1.0,0.75,3.0
630,104,0.36082474226804123,1.0,0.82,4.55555534362793
630,215,0.3402061855670103,1.0,0.82,4.55555534362793
630,70,0.36082474226804123,1.0,0.82,4.55555534362793
632,132,0.23711340206185566,1.0,0.75,3.0
632,191,0.3711340206185567,1.0,0.82,4.55555534362793
632,215,0.31958762886597936,1.0,0.82,4.55555534362793
632,4,0.31958762886597936,1.0,0.82,4.55555534362793
633,104,0.38144329896907214,1.0,0.82,4.55555534362793
634,132,0.27835051546391754,1.0,0.75,3.0
634,215,0.30927835051546393,1.0,0.82,4.55555534362793
636,215,0.3711340206185567,1.0,0.82,4.55555534362793
638,309,0.30927835051546393,1.0,0.82,4.55555534362793
639,309,0.30927835051546393,1.0,0.82,4.55555534362793
640,118,0.38144329896907214,1.0,0.82,4.55555534362793
640,486,0.35051546391752575,1.0,0.82,4.55555534362793
640,71,0.3402061855670103,1.0,0.82,4.55555534362793
642,309,0.38144329896907214,1.0,0.82,4.55555534362793
643,309,0.30927835051546393,1.0,0.82,4.55555534362793
645,447,0.26804123711340205,1.0,0.75,3.0
647,117,0.38144329896907214,1.0,0.82,4.55555534362793
648,76,0.32989690721649484,1.0,0.82,4.55555534362793
649,215,0.3402061855670103,1.0,0.82,4.55555534362793
649,546,0.32989690721649484,1.0,0.82,4.55555534362793
650,215,0.36082474226804123,1.0,0.82,4.55555534362793
651,104,0.3402061855670103,1.0,0.82,4.55555534362793
651,117,0.32989690721649484,1.0,0.82,4.55555534362793
651,215,0.26804123711340205,1.0,0.75,3.0
652,317,0.32989690721649484,1.0,0.82,4.55555534362793
658,796,0.35051546391752575,1.0,0.82,4.55555534362793
659,309,0.29896907216494845,1.0,0.75,3.0
662,309,0.38144329896907214,1.0,0.82,4.55555534362793
662,381,0.31958762886597936,1.0,0.82,4.55555534362793
665,104,0.3402061855670103,1.0,0.82,4.55555534362793
665,215,0.36082474226804123,1.0,0.82,4.55555534362793
666,215,0.38144329896907214,1.0,0.82,4.55555534362793
668,104,0.3402061855670103,1.0,0.82,4.55555534362793
668,191,0.38144329896907214,1.0,0.82,4.55555534362793
668,215,0.29896907216494845,1.0,0.75,3.0
668,835,0.20618556701030927,1.0,0.75,3.0
669,104,0.30927835051546393,1.0,0.82,4.55555534362793
669,215,0.29896907216494845,1.0,0.75,3.0
669,835,0.20618556701030927,1.0,0.75,3.0
670,104,0.30927835051546393,1.0,0.82,4.55555534362793
670,215,0.31958762886597936,1.0,0.82,4.55555534362793
670,835,0.1958762886597938,1.0,0.75,3.0
671,116,0.38144329896907214,1.0,0.82,4.55555534362793
671,41,0.35051546391752575,1.0,0.82,4.55555534362793
671,802,0.18556701030927836,1.0,0.75,3.0
672,104,0.30927835051546393,1.0,0.82,4.55555534362793
672,215,0.36082474226804123,1.0,0.82,4.55555534362793
672,343,0.30927835051546393,1.0,0.82,4.55555534362793
672,835,0.29896907216494845,1.0,0.75,3.0
675,1,0.29896907216494845,1.0,0.75,3.0
675,104,0.38144329896907214,1.0,0.82,4.55555534362793
675,119,0.30927835051546393,1.0,0.82,4.55555534362793
678,802,0.1958762886597938,1.0,0.75,3.0
682,317,0.35051546391752575,1.0,0.82,4.55555534362793
684,498,0.2268041237113402,1.0,0.75,3.0
687,215,0.3711340206185567,1.0,0.82,4.55555534362793
689,381,0.27835051546391754,1.0,0.75,3.0
689,4,0.36082474226804123,1.0,0.82,4.55555534362793
692,486,0.3402061855670103,1.0,0.82,4.55555534362793
695,71,0.38144329896907214,1.0,0.82,4.55555534362793
699,114,0.1958762886597938,1.0,0.75,3.0
699,802,0.18556701030927836,1.0,0.75,3.0
7,835,0.16494845360824742,1.0,0.75,3.0
702,309,0.31958762886597936,1.0,0.82,4.55555534362793
702,381,0.30927835051546393,1.0,0.82,4.55555534362793
702,50,0.26804123711340205,1.0,0.75,3.0
704,104,0.38144329896907214,1.0,0.82,4.55555534362793
704,546,0.2268041237113402,1.0,0.75,3.0
704,580,0.36082474226804123,1.0,0.82,4.55555534362793
704,76,0.35051546391752575,1.0,0.82,4.55555534362793
704,810,0.32989690721649484,1.0,0.82,4.55555534362793
707,537,0.3711340206185567,1.0,0.82,4.55555534362793
708,381,0.29896907216494845,1.0,0.75,3.0
709,112,0.31958762886597936,1.0,0.82,4.55555534362793
712,316,0.16494845360824742,1.0,0.75,3.0
713,467,0.1958762886597938,1.0,0.75,3.0
713,810,0.31958762886597936,1.0,0.82,4.55555534362793
714,300,0.35051546391752575,1.0,0.82,4.55555534362793
714,486,0.36082474226804123,1.0,0.82,4.55555534362793
714,71,0.30927835051546393,1.0,0.82,4.55555534362793
716,280,0.3402061855670103,1.0,0.82,4.55555534362793
719,3,0.13402061855670103,1.0,0.75,3.0
72,309,0.3402061855670103,1.0,0.82,4.55555534362793
72,512,0.3711340206185567,1.0,0.82,4.55555534362793
720,692,0.29896907216494845,1.0,0.75,3.0
722,41,0.31958762886597936,1.0,0.82,4.55555534362793
731,215,0.28865979381443296,1.0,0.75,3.0
731,835,0.14432989690721648,1.0,0.75,3.0
732,191,0.31958762886597936,1.0,0.82,4.55555534362793
732,215,0.30927835051546393,1.0,0.82,4.55555534362793
733,215,0.35051546391752575,1.0,0.82,4.55555534362793
734,835,0.20618556701030927,1.0,0.75,3.0
74,802,0.17525773195876287,1.0,0.75,3.0
740,4,0.38144329896907214,1.0,0.82,4.55555534362793
741,810,0.36082474226804123,1.0,0.82,4.55555534362793
742,104,0.3402061855670103,1.0,0.82,4.55555534362793
742,119,0.29896907216494845,1.0,0.75,3.0
742,132,0.30927835051546393,1.0,0.82,4.55555534362793
742,546,0.29896907216494845,1.0,0.75,3.0
742,70,0.38144329896907214,1.0,0.82,4.55555534362793
743,1,0.36082474226804123,1.0,0.82,4.55555534362793
743,119,0.30927835051546393,1.0,0.82,4.55555534362793
746,215,0.30927835051546393,1.0,0.82,4.55555534362793
746,835,0.18556701030927836,1.0,0.75,3.0
749,191,0.36082474226804123,1.0,0.82,4.55555534362793
749,215,0.36082474226804123,1.0,0.82,4.55555534362793
75,102,0.29896907216494845,1.0,0.75,3.0
75,381,0.3402061855670103,1.0,0.82,4.55555534362793
75,4,0.3402061855670103,1.0,0.82,4.55555534362793
75,447,0.38144329896907214,1.0,0.82,4.55555534362793
75,654,0.32989690721649484,1.0,0.82,4.55555534362793
75,748,0.29896907216494845,1.0,0.75,3.0
750,116,0.31958762886597936,1.0,0.82,4.55555534362793
750,467,0.17525773195876287,1.0,0.75,3.0
750,549,0.3711340206185567,1.0,0.82,4.55555534362793
750,76,0.38144329896907214,1.0,0.82,4.55555534362793
758,486,0.29896907216494845,1.0,0.75,3.0
76,132,0.25773195876288657,1.0,0.75,3.0
76,343,0.24742268041237114,1.0,0.75,3.0
760,512,0.36082474226804123,1.0,0.82,4.55555534362793
761,309,0.35051546391752575,1.0,0.82,4.55555534362793
765,117,0.36082474226804123,1.0,0.82,4.55555534362793
765,215,0.38144329896907214,1.0,0.82,4.55555534362793
766,280,0.32989690721649484,1.0,0.82,4.55555534362793
768,318,0.27835051546391754,1.0,0.75,3.0
768,692,0.32989690721649484,1.0,0.82,4.55555534362793
77,132,0.29896907216494845,1.0,0.75,3.0
77,343,0.32989690721649484,1.0,0.82,4.55555534362793
77,775,0.25773195876288657,1.0,0.75,3.0
772,114,0.13402061855670103,1.0,0.75,3.0
777,317,0.3402061855670103,1.0,0.82,4.55555534362793
779,309,0.32989690721649484,1.0,0.82,4.55555534362793
78,796,0.35051546391752575,1.0,0.82,4.55555534362793
780,4,0.36082474226804123,1.0,0.82,4.55555534362793
781,41,0.35051546391752575,1.0,0.82,4.55555534362793
781,486,0.38144329896907214,1.0,0.82,4.55555534362793
781,629,0.28865979381443296,1.0,0.75,3.0
781,802,0.20618556701030927,1.0,0.75,3.0
782,280,0.31958762886597936,1.0,0.82,4.55555534362793
789,309,0.30927835051546393,1.0,0.82,4.55555534362793
79,546,0.3711340206185567,1.0,0.82,4.55555534362793
797,4,0.38144329896907214,1.0,0.82,4.55555534362793
8,486,0.32989690721649484,1.0,0.82,4.55555534362793
80,619,0.24742268041237114,1.0,0.75,3.0
805,343,0.28865979381443296,1.0,0.75,3.0
805,441,0.24742268041237114,1.0,0.75,3.0
805,467,0.29896907216494845,1.0,0.75,3.0
805,694,0.28865979381443296,1.0,0.75,3.0
805,775,0.23711340206185566,1.0,0.75,3.0
806,756,0.18556701030927836,1.0,0.75,3.0
808,280,0.3402061855670103,1.0,0.82,4.55555534362793
81,22,0.28865979381443296,1.0,0.75,3.0
81,386,0.25773195876288657,1.0,0.75,3.0
812,41,0.35051546391752575,1.0,0.82,4.55555534362793
812,71,0.3402061855670103,1.0,0.82,4.55555534362793
812,76,0.35051546391752575,1.0,0.82,4.55555534362793
812,783,0.28865979381443296,1.0,0.75,3.0
812,802,0.15463917525773196,1.0,0.75,3.0
812,810,0.31958762886597936,1.0,0.82,4.55555534362793
813,132,0.24742268041237114,1.0,0.75,3.0
813,541,0.30927835051546393,1.0,0.82,4.55555534362793
814,280,0.3402061855670103,1.0,0.82,4.55555534362793
815,486,0.36082474226804123,1.0,0.82,4.55555534362793
817,102,0.3711340206185567,1.0,0.82,4.55555534362793
817,381,0.3402061855670103,1.0,0.82,4.55555534362793
817,45,0.36082474226804123,1.0,0.82,4.55555534362793
817,50,0.27835051546391754,1.0,0.75,3.0
820,280,0.31958762886597936,1.0,0.82,4.55555534362793
822,114,0.24742268041237114,1.0,0.75,3.0
822,122,0.3711340206185567,1.0,0.82,4.55555534362793
822,549,0.26804123711340205,1.0,0.75,3.0
822,769,0.35051546391752575,1.0,0.82,4.55555534362793
822,796,0.38144329896907214,1.0,0.82,4.55555534362793
822,802,0.23711340206185566,1.0,0.75,3.0
827,114,0.16494845360824742,1.0,0.75,3.0
829,116,0.3402061855670103,1.0,0.82,4.55555534362793
829,118,0.35051546391752575,1.0,0.82,4.55555534362793
829,71,0.38144329896907214,1.0,0.82,4.55555534362793
830,215,0.26804123711340205,1.0,0.75,3.0
830,834,0.23711340206185566,1.0,0.75,3.0
831,117,0.3402061855670103,1.0,0.82,4.55555534362793
831,215,0.28865979381443296,1.0,0.75,3.0
831,834,0.26804123711340205,1.0,0.75,3.0
832,117,0.38144329896907214,1.0,0.82,4.55555534362793
832,215,0.2268041237113402,1.0,0.75,3.0
833,215,0.38144329896907214,1.0,0.82,4.55555534362793
833,834,0.27835051546391754,1.0,0.75,3.0
835,3,0.14432989690721648,1.0,0.75,3.0
84,104,0.3711340206185567,1.0,0.82,4.55555534362793
84,71,0.32989690721649484,1.0,0.82,4.55555534362793
84,775,0.38144329896907214,1.0,0.82,4.55555534362793
843,116,0.30927835051546393,1.0,0.82,4.55555534362793
843,363,0.31958762886597936,1.0,0.82,4.55555534362793
843,769,0.3711340206185567,1.0,0.82,4.55555534362793
847,691,0.3711340206185567,1.0,0.82,4.55555534362793
847,76,0.28865979381443296,1.0,0.75,3.0
848,117,0.27835051546391754,1.0,0.75,3.0
848,70,0.3402061855670103,1.0,0.82,4.55555534362793
849,834,0.1958762886597938,1.0,0.75,3.0
852,215,0.20618556701030927,1.0,0.75,3.0
852,4,0.3711340206185567,1.0,0.82,4.55555534362793
852,70,0.35051546391752575,1.0,0.82,4.55555534362793
852,834,0.21649484536082475,1.0,0.75,3.0
853,70,0.3711340206185567,1.0,0.82,4.55555534362793
860,104,0.38144329896907214,1.0,0.82,4.55555534362793
863,117,0.3402061855670103,1.0,0.82,4.55555534362793
863,215,0.2268041237113402,1.0,0.75,3.0
864,215,0.25773195876288657,1.0,0.75,3.0
864,834,0.17525773195876287,1.0,0.75,3.0
865,4,0.38144329896907214,1.0,0.82,4.55555534362793
865,70,0.3402061855670103,1.0,0.82,4.55555534362793
865,834,0.17525773195876287,1.0,0.75,3.0
866,70,0.3711340206185567,1.0,0.82,4.55555534362793
866,834,0.1958762886597938,1.0,0.75,3.0
869,117,0.36082474226804123,1.0,0.82,4.55555534362793
869,215,0.27835051546391754,1.0,0.75,3.0
869,70,0.38144329896907214,1.0,0.82,4.55555534362793
870,117,0.29896907216494845,1.0,0.75,3.0
870,834,0.17525773195876287,1.0,0.75,3.0
872,118,0.36082474226804123,1.0,0.82,4.55555534362793
872,190,0.38144329896907214,1.0,0.82,4.55555534362793
873,280,0.3711340206185567,1.0,0.82,4.55555534362793
875,694,0.32989690721649484,1.0,0.82,4.55555534362793
876,386,0.38144329896907214,1.0,0.82,4.55555534362793
876,467,0.1958762886597938,1.0,0.75,3.0
876,835,0.25773195876288657,1.0,0.75,3.0
877,802,0.23711340206185566,1.0,0.75,3.0
879,117,0.36082474226804123,1.0,0.82,4.55555534362793
879,215,0.25773195876288657,1.0,0.75,3.0
879,834,0.20618556701030927,1.0,0.75,3.0
880,117,0.27835051546391754,1.0,0.75,3.0
880,834,0.20618556701030927,1.0,0.75,3.0
881,117,0.32989690721649484,1.0,0.82,4.55555534362793
881,215,0.20618556701030927,1.0,0.75,3.0
881,4,0.3711340206185567,1.0,0.82,4.55555534362793
881,70,0.36082474226804123,1.0,0.82,4.55555534362793
882,117,0.35051546391752575,1.0,0.82,4.55555534362793
882,215,0.24742268041237114,1.0,0.75,3.0
882,834,0.16494845360824742,1.0,0.75,3.0
883,114,0.1958762886597938,1.0,0.75,3.0
884,117,0.35051546391752575,1.0,0.82,4.55555534362793
884,70,0.3711340206185567,1.0,0.82,4.55555534362793
885,104,0.38144329896907214,1.0,0.82,4.55555534362793
885,796,0.35051546391752575,1.0,0.82,4.55555534362793
886,541,0.36082474226804123,1.0,0.82,4.55555534362793
886,834,0.17525773195876287,1.0,0.75,3.0
888,104,0.29896907216494845,1.0,0.75,3.0
888,215,0.26804123711340205,1.0,0.75,3.0
89,215,0.38144329896907214,1.0,0.82,4.55555534362793
890,71,0.36082474226804123,1.0,0.82,4.55555534362793
890,76,0.31958762886597936,1.0,0.82,4.55555534362793
891,104,0.35051546391752575,1.0,0.82,4.55555534362793
891,132,0.29896907216494845,1.0,0.75,3.0
891,215,0.3402061855670103,1.0,0.82,4.55555534362793
891,835,0.16494845360824742,1.0,0.75,3.0
893,132,0.3402061855670103,1.0,0.82,4.55555534362793
893,835,0.21649484536082475,1.0,0.75,3.0
894,117,0.35051546391752575,1.0,0.82,4.55555534362793
894,215,0.3711340206185567,1.0,0.82,4.55555534362793
894,70,0.29896907216494845,1.0,0.75,3.0
896,215,0.2268041237113402,1.0,0.75,3.0
896,541,0.3402061855670103,1.0,0.82,4.55555534362793
896,834,0.31958762886597936,1.0,0.82,4.55555534362793
897,215,0.1958762886597938,1.0,0.75,3.0
897,834,0.31958762886597936,1.0,0.82,4.55555534362793
9,467,0.20618556701030927,1.0,0.75,3.0
90,215,0.36082474226804123,1.0,0.82,4.55555534362793
93,71,0.32989690721649484,1.0,0.82,4.55555534362793
94,119,0.32989690721649484,1.0,0.82,4.55555534362793
94,70,0.3711340206185567,1.0,0.82,4.55555534362793
95,546,0.35051546391752575,1.0,0.82,4.55555534362793
95,71,0.30927835051546393,1.0,0.82,4.55555534362793
96,118,0.3711340206185567,1.0,0.82,4.55555534362793
96,122,0.3711340206185567,1.0,0.82,4.55555534362793
96,193,0.35051546391752575,1.0,0.82,4.55555534362793
96,71,0.3711340206185567,1.0,0.82,4.55555534362793
96,76,0.31958762886597936,1.0,0.82,4.55555534362793
96,810,0.28865979381443296,1.0,0.75,3.0
97,102,0.38144329896907214,1.0,0.82,4.55555534362793
