store_id,product_id,supplier_id,order_qty_units,order_weight_kg,unit_price,transport_unit_cost,fixed_order_cost,order_cost
806,202,200003,60,3.5999999999999996,2.1721744507902,0.057303638728338456,80.0,213.7686853711123
417,102,100002,20,2.5,7.1756340678317,0.17156855602120144,80.0,226.94405247705802
577,202,200002,49,2.94,2.149932215468144,0.10364788882389146,80.0,190.42542511030973
368,202,200002,29,1.74,2.149932215468144,0.09969115455508094,80.0,145.23907773067353
467,101,100003,712,178.0,5.1593198712647,0.41337035808371647,80.0,4047.7554432960733
817,101,100014,54,13.5,5.229031043855967,0.5385090014948002,40.0,351.4471624489414
714,102,100001,115,14.375,7.271342639241672,0.24565030788915987,40.0,904.4541889200457
704,102,100002,122,15.25,7.1756340678317,0.18997229898661847,40.0,938.6039767518348
702,102,100002,126,15.75,7.1756340678317,0.2059534472279765,80.0,1010.0800268975192
198,102,100002,68,8.5,7.1756340678317,0.2517316426266787,80.0,585.0608683111698
434,102,100002,14,1.75,7.1756340678317,0.22044445475959845,80.0,183.5450993162782
172,101,100014,103,25.75,5.229031043855967,0.5183163544871472,80.0,671.9767820293408
45,102,100001,13,1.625,7.271342639241672,0.2534077442253074,80.0,177.82175498507073
189,102,100002,81,10.125,7.1756340678317,0.16588193313386895,80.0,674.662796078211
409,201,200010,21,21.0,1.229325182364566,1.7426443667263523,40.0,102.41136053090928
517,102,100002,189,23.625,7.1756340678317,0.2508571817125006,80.0,1483.606846163854
3,101,100001,116,29.0,4.742889402578308,0.5344609429071914,40.0,652.172640076318
564,102,100001,73,9.125,7.271342639241672,0.2673379564321706,40.0,590.3236834841905
442,202,200011,13,0.78,2.42189245895184,0.10403379701753557,40.0,72.83704132760188
647,202,200003,196,11.76,2.1721744507902,0.06729690603727898,80.0,518.9363859381858
610,102,100001,348,43.5,7.271342639241672,0.2711089471866876,80.0,2704.773152077069
397,202,200002,24,1.44,2.149932215468144,0.09351129620913902,80.0,133.84264428025477
24,202,200002,40,2.4,2.149932215468144,0.08068817737811507,80.0,169.22481571385038
537,202,200002,142,8.52,2.149932215468144,0.09273545196834464,80.0,398.4588087759814
420,202,200002,18,1.08,2.149932215468144,0.07662072808434438,80.0,120.07795298394478
865,102,100014,38,4.75,8.50141647441937,0.24414746693535302,80.0,412.33142977147946
545,202,200003,117,7.02,2.1721744507902,0.06758531063882907,80.0,342.0518920871964
662,102,100002,175,21.875,7.1756340678317,0.22915969488922386,80.0,1375.8389084761616
228,202,200003,46,2.76,2.1721744507902,0.07441447031996437,80.0,183.34309037106755
561,102,100002,75,9.375,7.1756340678317,0.20981163181246928,80.0,633.9084274733127
143,101,100002,161,40.25,7.575400754932095,0.37274854127284585,40.0,1319.6520366889954
216,202,200003,52,3.12,2.1721744507902,0.06435253694507816,80.0,196.29940336223444
263,201,200003,31,31.0,1.095061486140322,0.7714403381399163,40.0,97.86155655268739
532,202,200003,152,9.12,2.1721744507902,0.05518288494765489,40.0,378.5583150321539
184,202,200002,84,5.04,2.149932215468144,0.08614485432814632,80.0,267.8304738628884
531,202,200011,158,9.48,2.42189245895184,0.10911811924411975,40.0,439.89967135496164
684,202,200003,137,8.219999999999999,2.1721744507902,0.05424370319261845,80.0,385.0192870956461
409,202,200010,22,1.3199999999999998,2.245456238704068,0.10455866200358113,40.0,91.70032781556827
572,102,100002,56,7.0,7.1756340678317,0.2197333577170605,80.0,494.14057583073054
853,102,100008,40,5.0,7.233348436770981,0.28682876052265205,80.0,380.8070878917453
847,102,100002,42,5.25,7.1756340678317,0.21228801423651994,80.0,390.29272744686523
765,202,200002,74,4.4399999999999995,2.149932215468144,0.09554765011512548,80.0,246.16551005316194
63,101,100014,264,66.0,5.229031043855967,0.539501255258605,80.0,1602.892526966247
521,102,100002,172,21.5,7.1756340678317,0.2432104470322873,80.0,1356.0412565566057
4,202,200003,24,1.44,2.1721744507902,0.07137116761643438,80.0,133.84509484175922
367,202,200003,31,1.8599999999999999,2.1721744507902,0.07199840434869355,80.0,149.5693585093057
822,101,100002,53,13.25,7.575400754932095,0.3693971055241105,40.0,461.0742866041789
430,102,100002,15,1.875,7.1756340678317,0.29014261249338946,80.0,191.98665020487636
572,202,200002,58,3.48,2.149932215468144,0.09731796557404283,80.0,210.34051050044684
881,102,100002,30,3.75,7.1756340678317,0.24512161848606845,80.0,302.6226705895331
284,201,200001,25,25.0,1.103144063349761,1.499867603238279,40.0,105.075291664701
848,202,200002,41,2.46,2.149932215468144,0.10017222640704497,80.0,172.25428211688273
105,202,200003,259,15.54,2.1721744507902,0.06855344199967602,80.0,660.3485242325779
75,202,200011,89,5.34,2.42189245895184,0.09755567033898857,40.0,264.23088350688374
672,202,200002,143,8.58,2.149932215468144,0.08472797427737058,80.0,399.5564071336086
389,202,200002,24,1.44,2.149932215468144,0.09456242510841806,80.0,133.8678713738375
101,202,200003,329,19.74,2.1721744507902,0.06955797794942388,80.0,817.5299690553362
170,102,100001,107,13.375,7.271342639241672,0.25987672439389414,40.0,845.8404719090056
20,202,200003,64,3.84,2.1721744507902,0.06774291609863665,80.0,223.35471148088553
374,102,100002,28,3.5,7.1756340678317,0.18546351797657654,80.0,286.11073240263175
564,202,200003,75,4.5,2.1721744507902,0.0671161922679597,80.0,247.94679822936197
143,102,100002,160,20.0,7.1756340678317,0.18637427063642292,40.0,1217.9213341548998
480,101,100008,310,77.5,5.486021948362136,0.5282086982299175,80.0,1944.4115004435369
297,202,200003,147,8.82,2.1721744507902,0.073569166695378,80.0,410.12431177037996
896,202,200002,23,1.38,2.149932215468144,0.09230120802429187,80.0,131.57136874032602
502,102,100002,222,27.75,7.1756340678317,0.2550396350135628,80.0,1729.6095620316482
602,102,100001,27,3.375,7.271342639241672,0.28093473724055357,80.0,283.91148916502004
582,102,100002,45,5.625,7.1756340678317,0.24007749305717638,80.0,413.70702023999945
421,102,100002,17,2.125,7.1756340678317,0.2492548719838441,80.0,206.22311197686423
134,202,200003,175,10.5,2.1721744507902,0.04775774482384268,80.0,468.48813423245747
485,202,200002,292,17.52,2.149932215468144,0.08513653320663377,40.0,692.6400746130352
316,202,200002,70,4.2,2.149932215468144,0.09618081392848396,80.0,237.22791205776397
4,102,100002,24,3.0,7.1756340678317,0.21494194120975949,80.0,257.373824216995
346,102,100002,42,5.25,7.1756340678317,0.2505688561037247,80.0,391.90052280528784
328,202,200003,58,3.48,2.1721744507902,0.059563662909506,80.0,209.44081059458296
852,102,100002,41,5.125,7.1756340678317,0.2584290510161696,80.0,384.79658787276264
311,202,200002,74,4.4399999999999995,2.149932215468144,0.10114898001994987,80.0,246.58000846611895
672,102,100002,150,18.75,7.1756340678317,0.2590691160970888,80.0,1195.2054775893182
533,201,200003,146,146.0,1.095061486140322,0.8686520249767601,40.0,326.702172623094
897,202,200003,21,1.26,2.1721744507902,0.05980883188325561,80.0,126.87164893614256
170,202,200003,104,6.24,2.1721744507902,0.0668982703870464,80.0,312.8635630024336
297,102,100002,148,18.5,7.1756340678317,0.2232093282691585,80.0,1175.028822622927
46,202,200002,9,0.54,2.149932215468144,0.08569677915042578,80.0,100.12066095156713
409,102,100002,21,2.625,7.1756340678317,0.17326892431201757,40.0,194.32696283501807
101,101,100003,384,96.0,5.1593198712647,0.45225121671591695,80.0,2234.843297784557
356,102,100002,35,4.375,7.1756340678317,0.26554875140832357,80.0,340.44139867340084
203,202,200003,60,3.5999999999999996,2.1721744507902,0.07204285984873689,80.0,214.6530386383362
457,102,100002,10,1.25,7.1756340678317,0.23046677216346445,80.0,154.06100839995165
333,102,100002,55,6.875,7.1756340678317,0.24237632773376652,80.0,487.9905717561007
503,202,200003,220,13.2,2.1721744507902,0.07354699009968108,80.0,574.0587169957739
295,101,100014,193,48.25,5.229031043855967,0.4731988838519937,40.0,1140.5303760476363
182,101,100001,40,10.0,4.742889402578308,0.556799980809314,40.0,251.9875753355049
156,102,100002,129,16.125,7.1756340678317,0.1722076577948625,80.0,1027.8715826058265
422,202,200003,17,1.02,2.1721744507902,0.06300739002064715,80.0,117.9980912937844
102,202,200002,272,16.32,2.149932215468144,0.09026134863203134,80.0,689.3326494352476
283,201,200010,26,26.0,1.229325182364566,1.8883150462944458,40.0,121.0586459451343
505,202,200002,216,12.959999999999999,2.149932215468144,0.078504708813125,80.0,561.3423756447542
531,201,200011,158,158.0,1.5127491003879383,1.8186353207353292,40.0,566.3587385374763
457,202,200002,10,0.6,2.149932215468144,0.09437916241635137,80.0,102.44311377884495
720,102,100005,107,13.375,8.477134887122059,0.2974483064820035,80.0,1018.8804017156347
743,202,200003,92,5.52,2.1721744507902,0.05723868217335704,80.0,285.10600823264724
276,102,100002,28,3.5,7.1756340678317,0.19046075511498686,40.0,246.25065504250725
689,202,200002,134,8.04,2.149932215468144,0.08257987668423317,80.0,379.1566203484185
102,102,100002,261,32.625,7.1756340678317,0.2263151705911934,80.0,2011.9087512283752
549,202,200002,114,6.84,2.149932215468144,0.06568218898609537,80.0,332.5800421077833
476,201,200000,307,307.0,1.450822534699391,1.0557354348541528,80.0,849.513296652938
627,102,100001,269,33.625,7.271342639241672,0.2522848051926749,40.0,2063.855782552839
235,102,100002,42,5.25,7.1756340678317,0.20499981475808957,40.0,349.98662306877117
473,101,100003,438,109.5,5.1593198712647,0.5429429228654739,80.0,2577.5911038290164
833,202,200002,46,2.76,2.149932215468144,0.10104133283471009,80.0,183.54478322193128
493,101,100008,249,62.25,5.486021948362136,0.5486923621407034,80.0,1582.643863315207
602,202,200003,30,1.7999999999999998,2.1721744507902,0.059354403085001194,80.0,146.94586561625601
550,202,200011,110,6.6,2.42189245895184,0.11740210125982814,40.0,319.3224016232835
607,202,200002,379,22.74,2.149932215468144,0.10052715557851148,80.0,932.9241016266824
532,201,200003,93,93.0,1.095061486140322,0.9197147491275814,40.0,227.374189879915
13,101,100002,186,46.5,7.575400754932095,0.3812540138838709,40.0,1519.9377869997697
478,102,100002,334,41.75,7.1756340678317,0.21551423514341017,80.0,2548.643533193687
529,102,100001,163,20.375,7.271342639241672,0.25618036758309076,40.0,1266.9862501124362
518,102,100002,183,22.875,7.1756340678317,0.20427796935586934,80.0,1430.5239028053252
323,101,100014,63,15.75,5.229031043855967,0.4658824303836907,80.0,438.7795488770984
627,101,100001,270,67.5,4.742889402578308,0.5045696103853498,40.0,1456.8139335001877
385,102,100001,25,3.125,7.271342639241672,0.2860403153021535,80.0,268.93457386359563
458,102,100002,9,1.125,7.1756340678317,0.2098330710501611,80.0,146.46920424993675
565,202,200003,69,4.14,2.1721744507902,0.06223340453869749,80.0,234.17414201769392
137,202,200002,172,10.32,2.149932215468144,0.09843553921077232,80.0,466.7192538047736
307,202,200003,82,4.92,2.1721744507902,0.07235321604837522,80.0,264.0512686807632
306,202,200002,86,5.16,2.149932215468144,0.09520472050392383,80.0,273.08177649359783
325,102,100001,61,7.625,7.271342639241672,0.2548169669048462,40.0,499.09573597493755
343,201,200001,44,44.0,1.103144063349761,1.4320744528107585,40.0,151.54961471106284
497,101,100003,235,58.75,5.1593198712647,0.3848841164749356,80.0,1382.8879371188145
704,101,100002,122,30.5,7.575400754932095,0.37994459797323693,40.0,1010.5521330544505
501,202,200003,223,13.379999999999999,2.1721744507902,0.07385900573330571,80.0,580.8654608047417
699,202,200002,127,7.62,2.149932215468144,0.08748327308504422,80.0,364.15176704625486
624,101,100003,274,68.5,5.1593198712647,0.39086369919020303,80.0,1600.7502983046436
293,201,200010,90,90.0,1.229325182364566,1.9904868268810905,40.0,329.7830808321091
22,102,100001,51,6.375,7.271342639241672,0.2665529799489717,40.0,424.4326765787228
414,202,200002,19,1.14,2.149932215468144,0.07213750628028658,80.0,122.21932471322017
442,102,100002,13,1.625,7.1756340678317,0.2093797589915913,80.0,176.0051797487028
886,202,200002,27,1.6199999999999999,2.149932215468144,0.07824351599646714,80.0,140.1607447495445
290,102,100002,418,52.25,7.1756340678317,0.1942680263168718,80.0,3160.6190753541027
14,102,100001,166,20.75,7.271342639241672,0.27422578669621667,40.0,1292.5643587056895
740,202,200002,96,5.76,2.149932215468144,0.09412974978824173,80.0,295.42994866461305
342,202,200002,49,2.94,2.149932215468144,0.09531527564861489,80.0,190.0171270647212
362,101,100014,32,8.0,5.229031043855967,0.5379883140689222,80.0,264.54461945359645
742,102,100002,94,11.75,7.1756340678317,0.23985292768408184,80.0,777.0557775784835
608,102,100008,375,46.875,7.233348436770981,0.2871909468599209,80.0,2900.202268861588
235,101,100002,3,0.75,7.575400754932095,0.40999962951617913,40.0,63.95620115334482
781,102,100014,67,8.375,8.50141647441937,0.26920552610813164,40.0,627.6316740353427
286,202,200003,19,1.14,2.1721744507902,0.06796619428954263,80.0,122.5626722565151
250,102,100002,35,4.375,7.1756340678317,0.22115615184517132,80.0,338.8876576886905
879,102,100002,34,4.25,7.1756340678317,0.20630647832846108,80.0,330.9859785694455
214,101,100014,53,13.25,5.229031043855967,0.5508581326034675,80.0,386.33412635235004
1,101,100003,512,128.0,5.1593198712647,0.46185244588523083,80.0,2958.0402263807646
624,201,200010,277,277.0,1.229325182364566,1.753412582860488,80.0,906.21836096734
554,202,200002,107,6.42,2.149932215468144,0.09991526092657804,80.0,320.7336799742352
304,202,200003,99,5.9399999999999995,2.1721744507902,0.05665922058796808,80.0,300.65453346643864
195,202,200002,75,4.5,2.149932215468144,0.08854453478011068,80.0,247.8857562686191
230,202,200003,44,2.6399999999999997,2.1721744507902,0.04863733876216504,40.0,137.71571874030406
455,202,200010,11,0.6599999999999999,2.245456238704068,0.10771643753304865,40.0,65.88489943860829
343,202,200001,45,2.6999999999999997,2.5661080575716144,0.0859244671686455,40.0,159.3414636133117
557,202,200003,82,4.92,2.1721744507902,0.07846654683415952,80.0,264.55256180519746
324,202,200002,63,3.78,2.149932215468144,0.10071999261914577,80.0,221.79108910949924
835,102,100002,45,5.625,7.1756340678317,0.2367475520301741,80.0,413.5571728937843
504,201,200001,217,217.0,1.103144063349761,1.4049457872594646,80.0,624.255497582202
263,202,200003,31,1.8599999999999999,2.1721744507902,0.046286420288394976,40.0,108.77228700343645
880,102,100014,33,4.125,8.50141647441937,0.2476852328689998,40.0,328.7203563405162
10,102,100002,482,60.25,7.1756340678317,0.22711816364857418,80.0,3648.126575573492
145,102,100002,149,18.625,7.1756340678317,0.22807549444697153,80.0,1183.152724779522
557,102,100001,82,10.25,7.271342639241672,0.256636619129776,80.0,697.2942991864587
329,102,100001,56,7.0,7.271342639241672,0.2584278790676766,80.0,501.6671490253235
505,102,100002,215,26.875,7.1756340678317,0.18216893534690176,80.0,1661.9276456833993
494,202,200003,239,14.34,2.1721744507902,0.07395598388748609,80.0,616.8251738879669
640,202,200005,205,12.299999999999999,2.356668772015326,0.10470209605962506,40.0,544.581027955365
805,102,100002,61,7.625,7.1756340678317,0.23942542762030994,80.0,532.3186292225726
41,102,100001,20,2.5,7.271342639241672,0.26949235190118026,80.0,230.81669982285703
863,102,100002,39,4.875,7.1756340678317,0.2476015372187184,80.0,369.50618859696635
508,202,200002,202,12.12,2.149932215468144,0.09018090168196047,80.0,532.502849664321
891,102,100002,24,3.0,7.1756340678317,0.21698773068059268,80.0,257.422923164295
599,202,200002,38,2.28,2.149932215468144,0.09022191224622678,80.0,165.1258568531461
272,102,100002,29,3.625,7.1756340678317,0.24768108055962823,80.0,295.2761393033485
864,202,200003,38,2.28,2.1721744507902,0.05162972185932323,80.0,164.50455856068186
556,102,100002,89,11.125,7.1756340678317,0.2340579033450362,80.0,739.4625854347295
462,102,100002,6,0.75,7.1756340678317,0.1972809662892381,40.0,84.23749020472563
478,201,200001,333,333.0,1.103144063349761,1.5850826841239651,80.0,975.1795069087507
134,101,100014,178,44.5,5.229031043855967,0.4976719767734415,80.0,1099.3531376720348
197,202,200011,71,4.26,2.42189245895184,0.11036568951006093,40.0,219.79032854079495
607,101,100003,423,105.75,5.1593198712647,0.4424286477542043,80.0,2449.5396235449966
358,102,100002,33,4.125,7.1756340678317,0.24057618950829163,80.0,324.7349384922197
564,101,100001,73,18.25,4.742889402578308,0.5346759128643412,40.0,425.26226802731344
168,202,200003,109,6.54,2.1721744507902,0.060784197214445515,80.0,323.39249263250633
514,202,200002,195,11.7,2.149932215468144,0.07394660737800653,80.0,513.6563704549993
276,202,200002,28,1.68,2.149932215468144,0.08059808146031168,80.0,142.45484831399676
360,202,200003,33,1.98,2.1721744507902,0.07053457677810797,80.0,154.00939790975417
630,202,200002,245,14.7,2.149932215468144,0.09275414891986188,80.0,629.4581592750615
276,101,100002,29,7.25,7.575400754932095,0.3809215102299737,40.0,270.73334568969995
209,202,200003,59,3.54,2.1721744507902,0.06833239695939719,80.0,212.18990401722624
666,101,100014,170,42.5,5.229031043855967,0.5293948347036501,80.0,1058.9323993551347
569,102,100002,62,7.75,7.1756340678317,0.2086780704081856,80.0,537.8273525708729
211,102,100001,54,6.75,7.271342639241672,0.25120999608751077,40.0,446.21784230777587
113,101,100008,232,58.0,5.486021948362136,0.5227845206136869,80.0,1474.043100802391
817,102,100014,53,6.625,8.50141647441937,0.2692545007474001,40.0,504.8455616838388
77,102,100002,71,8.875,7.1756340678317,0.26431511872787067,80.0,608.2363922457296
471,101,100014,480,120.0,5.229031043855967,0.469548007957404,80.0,2815.317944870418
566,102,100002,67,8.375,7.1756340678317,0.26458496082505073,80.0,578.4946749200024
441,202,200003,13,0.78,2.1721744507902,0.0725809577334081,80.0,109.1818203108069
34,202,200003,50,3.0,2.1721744507902,0.05800292130423969,80.0,191.50886860472198
21,202,200002,58,3.48,2.149932215468144,0.08605243276071764,80.0,209.68710959727397
761,202,200002,74,4.4399999999999995,2.149932215468144,0.10193980082043629,80.0,246.63852920535496
296,202,200001,170,10.2,2.5661080575716144,0.09600308890180655,40.0,492.55889490048156
634,101,100002,219,54.75,7.575400754932095,0.34889850096588876,40.0,1775.4215370416584
765,102,100002,74,9.25,7.1756340678317,0.22435236079001195,80.0,627.5989957180067
616,101,100003,299,74.75,5.1593198712647,0.4469816615426879,80.0,1756.2841583094091
714,101,100001,115,28.75,4.742889402578308,0.49130061577831974,40.0,641.9318521110122
642,202,200002,200,12.0,2.149932215468144,0.09558651051484254,80.0,529.1037451965973
226,202,200003,47,2.82,2.1721744507902,0.07374132860889432,80.0,185.55804163175742
97,202,200003,17,1.02,2.1721744507902,0.07320972726687924,80.0,118.17153102697034
643,102,100002,199,24.875,7.1756340678317,0.2277109038437437,80.0,1553.2656493634133
410,102,100001,20,2.5,7.271342639241672,0.27136564680180647,80.0,230.85416572086956
682,202,200002,138,8.28,2.149932215468144,0.0863396487031759,80.0,388.6055172556421
559,102,100002,81,10.125,7.1756340678317,0.2372497829923364,80.0,680.4435919167469
499,202,200003,229,13.74,2.1721744507902,0.07077600070572919,80.0,593.6356533925677
669,202,200001,153,9.18,2.5661080575716144,0.07628934593122833,40.0,444.28680273593494
386,202,200003,25,1.5,2.1721744507902,0.07976217938608907,80.0,136.29841575440724
16,102,100002,123,15.375,7.1756340678317,0.2199070979533982,80.0,989.651563391567
118,102,100002,206,25.75,7.1756340678317,0.21613478523929897,80.0,1602.7043837326257
296,201,200001,175,175.0,1.103144063349761,1.600051481696776,40.0,513.059220383144
533,202,200003,146,8.76,2.1721744507902,0.052119121498605606,40.0,364.7468615541656
876,201,200005,34,34.0,1.2591944512631776,1.7079556499337445,40.0,140.88310344069535
493,202,200003,249,14.94,2.1721744507902,0.050505627248536446,80.0,633.4473394316453
237,102,100002,41,5.125,7.1756340678317,0.20764900541057646,80.0,382.71460600293335
571,202,200002,60,3.5999999999999996,2.149932215468144,0.09068661280055475,80.0,214.4371296961219
822,201,200001,53,53.0,1.103144063349761,1.356497495047191,40.0,170.36100259503846
702,201,200001,125,125.0,1.103144063349761,1.6072381497322636,40.0,378.79777663525306
879,202,200002,33,1.98,2.149932215468144,0.08568122562154644,80.0,153.77524355595978
669,201,200001,155,155.0,1.103144063349761,1.2714890988538055,40.0,408.06814014155276
355,102,100002,37,4.625,7.1756340678317,0.23868125442975724,80.0,354.3296669236739
476,202,200003,361,21.66,2.1721744507902,0.06132928175496785,80.0,886.2948474488056
815,102,100002,54,6.75,7.1756340678317,0.18986291570511643,80.0,477.7368371109881
23,102,100002,45,5.625,7.1756340678317,0.24391640444668383,80.0,413.87977125252723
576,202,200003,52,3.12,2.1721744507902,0.07146921165752591,80.0,196.66947044728173
455,201,200010,11,11.0,1.229325182364566,1.7952739588841442,40.0,73.27059055373581
485,201,200002,5,5.0,1.5543378621148864,1.4189422201105628,40.0,54.866400411127245
75,201,200011,87,87.0,1.5127491003879383,1.6259278389831429,40.0,313.06489372528404
466,101,100001,742,185.5,4.742889402578308,0.3585400855902233,80.0,3865.2606802210507
607,102,100002,385,48.125,7.1756340678317,0.23583721881076877,80.0,2933.4164453573503
831,202,200011,47,2.82,2.42189245895184,0.11359060178972022,40.0,159.1677038548533
29,102,100002,6,0.75,7.1756340678317,0.25407315026008087,80.0,124.57824330855068
550,201,200011,5,5.0,1.5127491003879383,1.9567016876638024,40.0,57.3472539402587
462,101,100002,7,1.75,7.575400754932095,0.3945619325784762,40.0,95.789738812574
167,101,100008,115,28.75,5.486021948362136,0.5606071231702601,80.0,775.3623432262256
506,102,100002,213,26.625,7.1756340678317,0.17528022807450624,80.0,1645.7447450280217
523,202,200003,167,10.02,2.1721744507902,0.06885756770853232,80.0,454.25234708928826
831,102,100008,48,6.0,7.233348436770981,0.2383724213113836,80.0,438.64260118795346
885,102,100002,28,3.5,7.1756340678317,0.24408900669201106,80.0,287.75224608666394
135,202,200003,174,10.44,2.1721744507902,0.07585150712688954,80.0,471.15651667757356
894,102,100002,23,2.875,7.1756340678317,0.21708952474622276,80.0,250.03264262929224
144,102,100002,155,19.375,7.1756340678317,0.21261182582646,80.0,1225.178113517015
196,101,100002,74,18.5,7.575400754932095,0.3297724239572493,40.0,624.9828152378115
843,201,200003,44,44.0,1.095061486140322,0.8419661181335363,40.0,125.22921458804977
182,202,200003,86,5.16,2.1721744507902,0.06103772736266046,80.0,272.056247321146
174,101,100008,98,24.5,5.486021948362136,0.5409971889322049,80.0,670.6478754548455
522,202,200003,167,10.02,2.1721744507902,0.06582046267482977,80.0,453.7451505486599
10,202,200002,494,29.64,2.149932215468144,0.09246411841979964,80.0,1187.7437889406442
492,102,100002,263,32.875,7.1756340678317,0.24673119232425675,80.0,2032.0820634210165
537,102,100002,142,17.75,7.1756340678317,0.26006998370690226,80.0,1135.8699753184815
200,202,200003,61,3.6599999999999997,2.1721744507902,0.06715329393157583,80.0,216.5989924280283
540,102,100001,138,17.25,7.271342639241672,0.2930729239278816,80.0,1123.8893477173983
529,101,100001,161,40.25,4.742889402578308,0.5123607351661815,40.0,886.0952721768629
670,102,100002,152,19.0,7.1756340678317,0.2270042113471142,80.0,1205.2010184351798
167,201,200003,112,112.0,1.095061486140322,0.8863192606961695,40.0,261.9146436456871
465,102,100002,882,110.25,7.1756340678317,0.19955088169513804,80.0,6584.913125482671
669,102,100002,155,19.375,7.1756340678317,0.17362102703089885,80.0,1219.1345397037028
555,201,200001,100,100.0,1.103144063349761,1.4955611028759828,40.0,299.87051662257437
832,202,200002,46,2.76,2.149932215468144,0.08740701644766138,80.0,182.91760466812704
249,202,200003,36,2.16,2.1721744507902,0.07131298090257635,80.0,160.76554754093996
239,202,200003,40,2.4,2.1721744507902,0.06360612366012974,80.0,169.43122297801318
812,202,200002,55,3.3,2.149932215468144,0.0986830185535726,80.0,203.67383787119442
540,202,200003,140,8.4,2.1721744507902,0.06451896735619622,80.0,393.13707854049545
468,201,200011,705,705.0,1.5127491003879383,1.6994680251811403,80.0,2344.6130735262004
18,102,100014,88,11.0,8.50141647441937,0.26960101649034046,80.0,851.8495392000547
261,202,200003,34,2.04,2.1721744507902,0.0541573224987282,80.0,155.69528029182356
702,202,200001,125,7.5,2.5661080575716144,0.09643428898393581,40.0,372.81779331944375
675,202,200003,141,8.459999999999999,2.1721744507902,0.0701499972640516,80.0,396.1677471756495
48,101,100001,315,78.75,4.742889402578308,0.437136447331148,80.0,1711.7081427214787
630,102,100002,252,31.5,7.1756340678317,0.23609111105931477,80.0,1947.7547450805357
2,202,200002,67,4.02,2.149932215468144,0.10194688793216306,80.0,230.87589992782057
343,101,100002,44,11.0,7.575400754932095,0.3778839910906408,40.0,389.94452882500036
662,201,200011,172,172.0,1.5127491003879383,1.7116957966700201,80.0,634.6045222939689
880,101,100014,32,8.0,5.229031043855967,0.4953704657379996,40.0,223.18084830700693
820,202,200003,53,3.1799999999999997,2.1721744507902,0.07237654992212404,80.0,198.96120303775317
118,202,200002,214,12.84,2.149932215468144,0.09481367740929601,80.0,560.3756210757722
749,101,100014,89,22.25,5.229031043855967,0.47953366826285715,80.0,588.0622593785754
541,102,100002,136,17.0,7.1756340678317,0.24673936224845772,80.0,1089.4427864909014
310,102,100001,76,9.5,7.271342639241672,0.2817494564135325,80.0,654.0349992697955
100,101,100003,429,107.25,5.1593198712647,0.46932388431383987,80.0,2494.688171143194
543,102,100002,123,15.375,7.1756340678317,0.211163577982244,80.0,988.5761104351151
707,102,100002,118,14.75,7.1756340678317,0.25979775724150694,80.0,957.3809553586384
292,202,200002,199,11.94,2.149932215468144,0.09171722291334354,80.0,526.0882382379159
864,101,100014,38,9.5,5.229031043855967,0.49869733164004554,80.0,297.65367826884847
872,102,100002,35,4.375,7.1756340678317,0.25153015381645677,80.0,339.9507477576855
600,101,100008,34,8.5,5.486021948362136,0.5301387901282607,80.0,284.54946510867353
137,102,100002,168,21.0,7.1756340678317,0.23267359183381955,80.0,1324.5956868238072
692,102,100002,131,16.375,7.1756340678317,0.2423548937137172,80.0,1051.7565539624497
96,102,100002,17,2.125,7.1756340678317,0.22207403849317867,80.0,205.76103780752294
262,201,200001,33,33.0,1.103144063349761,1.579177062106796,40.0,128.51659714006638
319,102,100002,67,8.375,7.1756340678317,0.24894526084540342,80.0,577.4468150213659
622,102,100002,282,35.25,7.1756340678317,0.1841930633718398,80.0,2155.4712509993983
431,102,100001,15,1.875,7.271342639241672,0.26302219224847145,40.0,153.01547247235214
628,101,100008,269,67.25,5.486021948362136,0.5317012656157067,80.0,1698.7675445600398
544,202,200002,118,7.08,2.149932215468144,0.08625582510942931,80.0,343.87018878815365
640,201,200005,161,161.0,1.2591944512631776,1.7450349343270843,40.0,523.6809310800322
426,102,100014,17,2.125,8.50141647441937,0.28621216987414383,80.0,229.38968695298973
341,102,100002,49,6.125,7.1756340678317,0.26898869164126393,80.0,444.7865152141752
870,202,200002,35,2.1,2.149932215468144,0.09830205788351547,80.0,158.6881995673081
873,102,100008,35,4.375,7.233348436770981,0.2769131584711705,80.0,342.8591558334753
876,202,200005,34,2.04,2.356668772015326,0.10247733899602467,40.0,123.61096777438591
519,102,100002,182,22.75,7.1756340678317,0.2474696658412684,80.0,1431.0048795284802
234,202,200003,44,2.6399999999999997,2.1721744507902,0.06285502060038833,80.0,178.3412967411859
866,102,100002,37,4.625,7.1756340678317,0.23241934256904936,80.0,354.09797618482776
554,102,100002,104,13.0,7.1756340678317,0.2577162428883862,80.0,853.0684323148889
166,102,100002,118,14.75,7.1756340678317,0.2483168094959906,80.0,956.0262035246674
262,102,100002,34,4.25,7.1756340678317,0.21713839573204433,80.0,331.3542637611673
367,102,100002,30,3.75,7.1756340678317,0.21826067513801087,80.0,301.81684228909137
596,102,100002,40,5.0,7.1756340678317,0.192593257704557,80.0,374.72909302145024
614,102,100002,320,40.0,7.1756340678317,0.2300710474930849,80.0,2449.825636903931
200,102,100002,62,7.75,7.1756340678317,0.23843150018686918,80.0,539.6720652171513
750,202,200003,83,4.9799999999999995,2.1721744507902,0.07317571232861926,80.0,266.36406353886196
303,202,200003,99,5.9399999999999995,2.1721744507902,0.07781372596014983,80.0,302.74882949828464
473,202,200003,403,24.18,2.1721744507902,0.08118488489840846,80.0,988.1038122825091
145,202,200003,153,9.18,2.1721744507902,0.07217395738697367,80.0,423.3853064511075
513,202,200003,196,11.76,2.1721744507902,0.05826305529265222,80.0,517.165751192239
566,202,200002,68,4.08,2.149932215468144,0.08885156126366128,80.0,232.23729681776277
483,102,100002,301,37.625,7.1756340678317,0.22188118604681686,80.0,2306.6520914174334
532,101,100014,151,37.75,5.229031043855967,0.5067769275044323,80.0,946.1070036754203
285,102,100002,22,2.75,7.1756340678317,0.22831085051633768,80.0,242.88678820365683
884,202,200003,28,1.68,2.1721744507902,0.0741084649115131,80.0,142.89592163964795
827,102,100001,51,6.375,7.271342639241672,0.24443924369683145,80.0,463.3048760298637
570,102,100001,61,7.625,7.271342639241672,0.26374856326667523,40.0,499.6405633530092
255,202,200010,34,2.04,2.245456238704068,0.11328650021081617,40.0,120.19725312310607
212,102,100001,53,6.625,7.271342639241672,0.244820299467389,80.0,478.35663575158026
531,102,100002,157,19.625,7.1756340678317,0.22821545420970565,80.0,1242.4043749605007
84,101,100001,45,11.25,4.742889402578308,0.49531082696467077,40.0,275.71901032943407
463,102,100002,957,119.625,7.1756340678317,0.2337764482786868,80.0,7170.80586391764
411,202,200003,20,1.2,2.1721744507902,0.06895392749866652,80.0,124.82256756577732
363,102,100002,32,4.0,7.1756340678317,0.24663264428415355,80.0,317.5125347877073
202,102,100002,60,7.5,7.1756340678317,0.21241863753232465,80.0,523.2831623218415
406,201,200001,22,22.0,1.103144063349761,1.5365617179730244,40.0,98.07352718910127
882,102,100002,30,3.75,7.1756340678317,0.22804049965303766,80.0,302.11023702454213
174,202,200003,99,5.9399999999999995,2.1721744507902,0.04991825446121153,80.0,299.9871778198897
229,202,200002,45,2.6999999999999997,2.149932215468144,0.10013506954241222,80.0,181.25302782547504
309,202,200002,79,4.74,2.149932215468144,0.08697320545241483,80.0,256.7155282527242
303,102,100002,102,12.75,7.1756340678317,0.24378298755772637,80.0,836.7805396497215
154,202,200003,131,7.859999999999999,2.1721744507902,0.07352768495198422,80.0,374.18697978222616
469,102,100002,540,67.5,7.1756340678317,0.28223431061565607,80.0,4107.248924361572
460,102,100001,8,1.0,7.271342639241672,0.2641948896990175,80.0,140.28430023152552
822,202,200001,51,3.06,2.5661080575716144,0.08138984970283146,40.0,175.02239327099673
357,102,100001,34,4.25,7.271342639241672,0.2889616695065026,80.0,337.05034649743794
262,202,200001,34,2.04,2.5661080575716144,0.09475062372640776,40.0,130.46919516413277
888,202,200002,25,1.5,2.149932215468144,0.10080884900482626,80.0,136.26852661182426
320,202,200002,63,3.78,2.149932215468144,0.08688404348910696,80.0,220.9194243143068
50,201,200011,227,227.0,1.5127491003879383,1.7942575943094659,80.0,830.6905196963107
365,202,200002,31,1.8599999999999999,2.149932215468144,0.10277196737695053,80.0,149.83382966819795
595,202,200002,41,2.46,2.149932215468144,0.09920798395415477,80.0,172.21474817631423
449,101,100014,12,3.0,5.229031043855967,0.4984103373974994,80.0,148.7292965750416
555,102,100002,96,12.0,7.1756340678317,0.19944315864431977,80.0,788.0074137416979
148,102,100001,147,18.375,7.271342639241672,0.25603096841729667,80.0,1186.5239203258684
665,202,200003,171,10.26,2.1721744507902,0.0709831313483156,80.0,463.5799465456862
586,102,100001,44,5.5,7.271342639241672,0.2510478592458771,80.0,410.98518193345217
17,202,200002,107,6.42,2.149932215468144,0.08600376205952585,80.0,319.2451495954607
427,102,100002,16,2.0,7.1756340678317,0.20206478631427352,80.0,198.04318166633556
49,101,100014,281,70.25,5.229031043855967,0.5158728111255325,80.0,1694.3179832498015
424,102,100002,17,2.125,7.1756340678317,0.20672825236445383,80.0,205.5001594433346
658,102,100002,176,22.0,7.1756340678317,0.20858248844705865,80.0,1379.6221139050615
613,101,100003,329,82.25,5.1593198712647,0.44388071927874206,80.0,1923.4529942887928
431,202,200003,15,0.8999999999999999,2.1721744507902,0.07267145440447063,80.0,113.67268857792006
106,102,100001,253,31.625,7.271342639241672,0.2477888603871918,80.0,1982.3402694061024
96,202,200002,18,1.08,2.149932215468144,0.08323418067125958,80.0,120.19699513050926
383,202,200002,26,1.56,2.149932215468144,0.07245119072200022,80.0,137.78196856094374
130,102,100002,185,23.125,7.1756340678317,0.2123677750340243,80.0,1446.780340930159
196,202,200001,73,4.38,2.5661080575716144,0.07857926643213986,40.0,233.06217465227405
831,201,200011,46,46.0,1.5127491003879383,1.8931766964953372,40.0,196.67258665663067
446,102,100002,12,1.5,7.1756340678317,0.26554633276449746,80.0,169.29416480715437
719,102,100002,111,13.875,7.1756340678317,0.20196011754464072,80.0,898.9129545767738
559,202,200003,81,4.859999999999999,2.1721744507902,0.06428127675329354,80.0,261.15291393102297
295,102,100014,178,22.25,8.50141647441937,0.23659944192599686,40.0,1595.3668331094752
61,101,100003,355,88.75,5.1593198712647,0.36544085156887046,80.0,2041.2900566059175
343,102,100002,47,5.875,7.1756340678317,0.1889419955453204,40.0,386.13507497871996
162,102,100002,122,15.25,7.1756340678317,0.23570913517014835,80.0,984.1838707662255
22,101,100001,52,13.0,4.742889402578308,0.5331059598979434,40.0,314.3517588487651
750,102,100001,77,9.625,7.271342639241672,0.24448977711124226,80.0,658.7190960591744
212,202,200003,53,3.1799999999999997,2.1721744507902,0.07041341464279705,80.0,198.85715686794885
313,102,100002,71,8.875,7.1756340678317,0.23945415747168355,80.0,606.4712639965403
708,202,200003,118,7.08,2.1721744507902,0.07338936331587234,80.0,344.9765300645165
420,102,100002,17,2.125,7.1756340678317,0.20149310605646695,80.0,205.41116195609885
758,202,200003,77,4.62,2.1721744507902,0.06599588646733577,80.0,252.33911596883024
782,102,100002,66,8.25,7.1756340678317,0.18694900422402705,80.0,565.930482755678
768,202,200003,73,4.38,2.1721744507902,0.06601309535107132,80.0,243.3876908683128
495,101,100014,236,59.0,5.229031043855967,0.4654588680174703,80.0,1423.8996192021311
11,202,200002,241,14.459999999999999,2.149932215468144,0.09964442923582013,80.0,622.1479713736554
283,202,200010,26,1.56,2.245456238704068,0.11329890277766674,40.0,101.3276336785251
478,101,100003,327,81.75,5.1593198712647,0.39501310270936124,80.0,1896.2668824895181
226,102,100002,47,5.875,7.1756340678317,0.20865040926891001,80.0,427.06137042372865
182,102,100001,86,10.75,7.271342639241672,0.278399990404657,40.0,689.2778661495843
128,202,200002,194,11.639999999999999,2.149932215468144,0.09666386209442276,80.0,515.839639047138
434,202,200002,14,0.84,2.149932215468144,0.0918083869014821,80.0,111.38436843317477
55,202,200005,111,6.66,2.356668772015326,0.10402808960748793,40.0,313.13735164013235
148,202,200003,146,8.76,2.1721744507902,0.06656574485295026,80.0,406.8560685638999
170,101,100001,106,26.5,4.742889402578308,0.5197534487877883,40.0,597.8401422448062
474,102,100008,376,47.0,7.233348436770981,0.24849886406139385,80.0,2893.1745851129726
442,201,200011,13,13.0,1.5127491003879383,1.7338966169589263,40.0,82.20639432550924
201,202,200003,61,3.6599999999999997,2.1721744507902,0.06872744842198966,80.0,216.69501585194357
300,202,200010,107,6.42,2.245456238704068,0.10229706894439931,40.0,291.209603918386
333,202,200003,55,3.3,2.1721744507902,0.06301669284080348,80.0,202.9355128997052
430,201,200005,15,15.0,1.2591944512631776,1.6496712242957983,40.0,83.63298513338464
263,101,100014,32,8.0,5.229031043855967,0.4977787480164125,80.0,263.2579133399162
196,102,100002,72,9.0,7.1756340678317,0.16488621197862466,40.0,568.5174601463434
418,102,100001,18,2.25,7.271342639241672,0.24678407889424478,80.0,215.3262809264465
230,201,200003,44,44.0,1.095061486140322,0.8106223127027508,40.0,123.8500871490952
51,202,200003,199,11.94,2.1721744507902,0.05121723640333011,80.0,522.4549457515125
475,202,200003,364,21.84,2.1721744507902,0.06500042384240713,80.0,894.331654366269
197,201,200011,70,70.0,1.5127491003879383,1.8394281585010155,40.0,274.6524081222268
204,102,100002,59,7.375,7.1756340678317,0.2094916075000135,80.0,515.7224148445712
163,102,100002,118,14.75,7.1756340678317,0.26509781946887606,80.0,958.0063627014679
822,102,100002,52,6.5,7.1756340678317,0.18469855276205524,40.0,422.7372962708752
430,202,200005,15,0.8999999999999999,2.356668772015326,0.09898027345774789,40.0,76.83473568209611
76,102,100002,77,9.625,7.1756340678317,0.19155549331994828,80.0,647.273596208677
479,202,200002,317,19.02,2.149932215468144,0.08748898705360457,80.0,789.2625211993943
290,101,100003,217,54.25,5.1593198712647,0.3644206782916134,80.0,1278.65169925372
814,202,200002,55,3.3,2.149932215468144,0.09332571851588209,80.0,203.37918636912144
6,102,100002,38,4.75,7.1756340678317,0.22614605822744557,80.0,361.2676447902475
324,102,100002,62,7.75,7.1756340678317,0.24252148869669754,80.0,539.9256445047606
9,102,100002,20,2.5,7.1756340678317,0.1872064898108697,80.0,227.25681115285138
552,202,200002,108,6.4799999999999995,2.149932215468144,0.08129626520448997,80.0,320.9726759126445
478,202,200003,321,19.259999999999998,2.1721744507902,0.0719639022207889,80.0,800.3684113165274
665,102,100001,172,21.5,7.271342639241672,0.2535971328287182,80.0,1374.289640796107
268,202,200002,30,1.7999999999999998,2.149932215468144,0.09751726084516403,80.0,147.42348428939925
732,102,100001,102,12.75,7.271342639241672,0.2682527649864243,80.0,849.0387312312657
507,201,200001,204,204.0,1.103144063349761,1.4810641420766404,80.0,607.1784739069859
704,202,200010,119,7.14,2.245456238704068,0.10982834274143631,40.0,320.278865192015
704,201,200010,122,122.0,1.229325182364566,1.8304723790239386,40.0,413.2953024893975
154,102,100001,131,16.375,7.271342639241672,0.24824858816778395,40.0,1025.0664507906386
555,202,200001,99,5.9399999999999995,2.5661080575716144,0.08973366617255896,40.0,302.92833065067316
314,202,200002,71,4.26,2.149932215468144,0.09570555467110016,80.0,239.44028167988634
271,202,200001,29,1.74,2.5661080575716144,0.0970092801557778,40.0,117.23040279409437
452,102,100001,11,1.375,7.271342639241672,0.285402767773817,80.0,163.12419947717038
376,202,200003,28,1.68,2.1721744507902,0.062115397927679325,80.0,142.5601157641006
382,102,100002,26,3.25,7.1756340678317,0.2529418298572993,80.0,273.14297333991396
245,102,100002,37,4.625,7.1756340678317,0.2245562755267867,80.0,353.807042704264
596,202,200002,39,2.34,2.149932215468144,0.08207800824505147,80.0,167.0483987248146
781,101,100014,66,16.5,5.229031043855967,0.5384110522162633,40.0,420.65117834076716
371,202,200003,29,1.74,2.1721744507902,0.07725796327251613,80.0,145.23354000781876
167,202,200003,110,6.6,2.1721744507902,0.05317915564177017,40.0,284.7888967075167
383,102,100002,26,3.25,7.1756340678317,0.1918200793610395,80.0,271.5538078270112
415,102,100002,19,2.375,7.1756340678317,0.22070170387631055,80.0,220.5303796624522
530,102,100002,158,19.75,7.1756340678317,0.24021562124867224,80.0,1251.7042508746988
474,201,200004,387,387.0,1.6575919443841105,1.087123385121697,80.0,1142.2048325187477
567,101,100014,66,16.5,5.229031043855967,0.5174572547036087,80.0,459.268227704932
229,102,100002,46,5.75,7.1756340678317,0.23763521821503716,80.0,421.0103871581499
325,101,100001,60,15.0,4.742889402578308,0.5096339338096924,40.0,355.1514001832801
409,101,100002,22,5.5,7.575400754932095,0.34653784862403514,40.0,214.28264927823486
431,101,100001,14,3.5,4.742889402578308,0.5260443844969429,40.0,113.76507301905352
59,102,100002,42,5.25,7.1756340678317,0.19339673857696288,80.0,389.49929386916386
543,202,200002,125,7.5,2.149932215468144,0.08080807699907622,80.0,358.8425365584025
151,202,200002,143,8.58,2.149932215468144,0.09021822472461966,80.0,400.34151294756515
485,102,100002,296,37.0,7.1756340678317,0.24798652345246816,80.0,2277.3916950201137
890,202,200003,24,1.44,2.1721744507902,0.06320143834807704,80.0,133.64902133931867
177,102,100002,96,12.0,7.1756340678317,0.23056033754529773,80.0,790.9946629161918
893,102,100002,24,3.0,7.1756340678317,0.23116880859522265,80.0,257.76326903424615
570,101,100001,61,15.25,4.742889402578308,0.5274971265333505,40.0,361.49357827581116
188,202,200003,82,4.92,2.1721744507902,0.07365293729012257,80.0,264.1578458225864
565,102,100002,71,8.875,7.1756340678317,0.22722029254155196,80.0,605.6026595865009
244,202,200002,37,2.2199999999999998,2.149932215468144,0.099625161060961,80.0,163.2336229315769
668,102,100002,166,20.75,7.1756340678317,0.2827787651448505,80.0,1318.0965302741074
57,202,200002,62,3.7199999999999998,2.149932215468144,0.09021818170093723,80.0,218.88932462448304
714,202,200003,114,6.84,2.1721744507902,0.07366626111572568,80.0,336.0258411572755
843,202,200003,43,2.58,2.1721744507902,0.05051796708801218,40.0,135.57577396876312
556,202,200002,85,5.1,2.149932215468144,0.09959793780225928,80.0,271.21006302798423
53,102,100002,159,19.875,7.1756340678317,0.2494150365760155,80.0,1260.5828076008268
335,101,100001,52,13.0,4.742889402578308,0.5321948447573861,40.0,314.30438086145614
734,102,100001,101,12.625,7.271342639241672,0.28461351946364905,80.0,843.1515720292374
318,102,100014,68,8.5,8.50141647441937,0.279394805714238,80.0,677.0951670490854
395,202,200002,24,1.44,2.149932215468144,0.08159002732441453,80.0,133.5565338270214
582,202,200003,46,2.76,2.1721744507902,0.073508565557646,80.0,183.30141875200093
410,202,200003,20,1.2,2.1721744507902,0.06557098859642654,80.0,124.75490878773253
337,202,200002,51,3.06,2.149932215468144,0.09531345994071912,80.0,194.50752944585201
512,102,100002,196,24.5,7.1756340678317,0.21217950440579295,80.0,1528.0114601585485
498,102,100002,232,29.0,7.1756340678317,0.24499329157424654,80.0,1801.5855473821796
481,202,200002,303,18.18,2.149932215468144,0.08457159116269862,80.0,757.0546534091453
299,201,200001,127,127.0,1.103144063349761,1.3534141463144795,80.0,391.9828926273585
883,102,100002,29,3.625,7.1756340678317,0.20492424048305463,80.0,294.03619094112787
196,201,200001,74,74.0,1.103144063349761,1.3096544405356645,40.0,218.5470892875215
284,202,200001,23,1.38,2.5661080575716144,0.08999205619429673,40.0,101.09030261661596
49,202,200003,280,16.8,2.1721744507902,0.0552216421347963,80.0,703.670906018999
140,202,200002,161,9.66,2.149932215468144,0.08663665872830885,80.0,440.08758874562886
586,202,200003,43,2.58,2.1721744507902,0.07205851772288228,80.0,176.50201764606254
306,102,100002,83,10.375,7.1756340678317,0.2217057880628589,80.0,693.9792080392483
652,202,200002,176,10.559999999999999,2.149932215468144,0.09971672817912301,80.0,475.938214081919
179,102,100002,91,11.375,7.1756340678317,0.2555659034222212,80.0,756.2391973841068
813,102,100002,55,6.875,7.1756340678317,0.2334014680839423,80.0,487.4969544753603
320,102,100002,66,8.25,7.1756340678317,0.23740067765983963,80.0,569.2602932024415
271,201,200001,29,29.0,1.103144063349761,1.61682133592963,40.0,118.87899657910233
741,202,200002,96,5.76,2.149932215468144,0.0984005917508255,80.0,295.8399494930211
172,202,200003,102,6.12,2.1721744507902,0.05144645223829352,80.0,306.80933210890635
266,202,200003,31,1.8599999999999999,2.1721744507902,0.05322522447189529,80.0,148.98738993312494
829,102,100002,50,6.25,7.1756340678317,0.2161132131939445,80.0,449.5873640512822
300,201,200010,108,108.0,1.229325182364566,1.704951149073322,40.0,356.9018437952919
160,202,200002,122,7.319999999999999,2.149932215468144,0.0891700786780938,80.0,353.170479885841
339,102,100008,50,6.25,7.233348436770981,0.2491795917344839,80.0,454.12640142527323
634,102,100002,220,27.5,7.1756340678317,0.17444925048294438,40.0,1657.0183300292217
598,102,100002,39,4.875,7.1756340678317,0.20836806687884982,80.0,367.97608325371147
307,102,100002,82,10.25,7.1756340678317,0.23724401936647618,80.0,687.8560031502504
781,202,200003,67,4.02,2.1721744507902,0.05477052336121379,80.0,229.20531326814472
506,201,200001,208,208.0,1.103144063349761,1.4902691915756554,40.0,579.4299570244866
284,101,100002,25,6.25,7.575400754932095,0.36130237063839155,40.0,238.41757813926216
426,202,200003,16,0.96,2.1721744507902,0.05705935923487002,80.0,115.66774096040112
247,102,100002,37,4.625,7.1756340678317,0.22541721355859096,80.0,353.83889741144077
713,202,200003,116,6.96,2.1721744507902,0.06764904776386847,80.0,339.8195258322719
335,102,100001,52,6.5,7.271342639241672,0.26609742237869305,40.0,431.946883204259
201,102,100001,61,7.625,7.271342639241672,0.266761184657858,80.0,539.8243332578713
115,201,200010,220,220.0,1.229325182364566,1.8772385945255792,80.0,763.444030915832
194,202,200002,78,4.68,2.149932215468144,0.09750056572262028,80.0,255.29975693287963
8,202,200002,65,3.9,2.149932215468144,0.09947631652834342,80.0,226.21155457977167
348,102,100001,41,5.125,7.271342639241672,0.2643864643331035,80.0,388.9648932465658
385,202,200003,25,1.5,2.1721744507902,0.0655117247872706,80.0,135.94215438943675
293,202,200010,195,11.7,2.245456238704068,0.11942920961286542,40.0,501.152662421802
3,102,100001,111,13.875,7.271342639241672,0.2672304714535957,40.0,876.7816152871746
72,202,200002,108,6.4799999999999995,2.149932215468144,0.08136316000912786,80.0,320.97990055154537
605,102,100001,696,87.0,7.271342639241672,0.2795332491848612,40.0,5295.409618344866
302,102,100001,103,12.875,7.271342639241672,0.2595316235039613,80.0,855.6800490628002
181,102,100002,88,11.0,7.1756340678317,0.21462131392334943,80.0,730.3424735944444
60,102,100001,37,4.625,7.271342639241672,0.26894647760094453,80.0,358.9906973231768
154,101,100001,132,33.0,4.742889402578308,0.4964971763355679,40.0,731.5990284166317
395,102,100002,24,3.0,7.1756340678317,0.22484736403217573,80.0,257.611554364733
84,102,100001,45,5.625,7.271342639241672,0.24765541348233538,40.0,378.3549123725803
254,102,100002,35,4.375,7.1756340678317,0.17226139442767402,80.0,337.1763411790781
284,102,100002,25,3.125,7.1756340678317,0.18065118531919577,40.0,223.90713132877238
221,102,100001,48,6.0,7.271342639241672,0.24868849779474503,80.0,440.961494577748
233,102,100001,44,5.5,7.271342639241672,0.28065233860381134,80.0,412.28777902520125
877,102,100002,34,4.25,7.1756340678317,0.2040833602966546,80.0,330.91039255636406
132,202,200002,182,10.92,2.149932215468144,0.08270687017491281,80.0,486.34031358703635
150,102,100002,145,18.125,7.1756340678317,0.2590566065156678,80.0,1158.0301477803685
168,102,100002,108,13.5,7.1756340678317,0.24557070929128205,80.0,881.4901159292821
14,101,100001,168,42.0,4.742889402578308,0.5484515733924333,40.0,928.9452839630845
42,202,200003,18,1.08,2.1721744507902,0.06518714223701294,80.0,120.27250867448984
506,202,200001,210,12.6,2.5661080575716144,0.08941615149453933,40.0,597.6600839038923
211,101,100001,54,13.5,4.742889402578308,0.5024199921750215,40.0,323.2467073166798
405,202,200003,23,1.38,2.1721744507902,0.07855203927417163,80.0,131.76670927148055
617,201,200011,289,289.0,1.5127491003879383,1.837882051730896,80.0,1048.3324029623432
131,102,100001,183,22.875,7.271342639241672,0.25314371626944676,80.0,1456.9810030585347
671,102,100002,150,18.75,7.1756340678317,0.2050490209308779,80.0,1187.1024633143868
872,202,200002,35,2.1,2.149932215468144,0.10097795531837866,80.0,158.78185597752827
464,201,200004,424,424.0,1.6575919443841105,1.4241358925848653,80.0,1386.6526028748458
464,201,200001,496,496.0,1.103144063349761,1.911663076866634,80.0,1575.344341547332
55,201,200005,110,110.0,1.2591944512631776,1.733801493458132,40.0,369.2295539193441
469,101,100003,578,144.5,5.1593198712647,0.5491047944607073,80.0,3379.4694567892857
362,202,200003,32,1.92,2.1721744507902,0.05314275656194304,80.0,151.21015063526858
298,102,100002,129,16.125,7.1756340678317,0.18622657051740954,80.0,1029.680022347035
13,102,100002,189,23.625,7.1756340678317,0.19062700694193546,40.0,1432.223343132217
80,102,100014,64,8.0,8.50141647441937,0.2575277472639856,80.0,640.5724301877348
406,202,200001,23,1.38,2.5661080575716144,0.09219370307838146,40.0,101.1409404949499
466,201,200010,758,758.0,1.229325182364566,1.8909823333021962,80.0,2445.193096875406
173,102,100002,102,12.75,7.1756340678317,0.19689357096642846,80.0,831.997819157409
242,202,200001,38,2.28,2.5661080575716144,0.0912022497480748,40.0,140.97779167814818
81,102,100002,60,7.5,7.1756340678317,0.23779128668669425,80.0,524.8055212711037
550,101,100014,110,27.5,5.229031043855967,0.4995344107619251,80.0,710.1422000079682
507,101,100003,207,51.75,5.1593198712647,0.3244984201567827,80.0,1215.150386324247
273,102,100002,29,3.625,7.1756340678317,0.24259981648640783,80.0,295.1287826452251
605,101,100001,4,1.0,4.742889402578308,0.5590664983697224,40.0,61.20782360379212
605,101,100003,829,207.25,5.1593198712647,0.5592465618308939,80.0,4820.691573036247
581,202,200002,47,2.82,2.149932215468144,0.09090277800419252,80.0,185.3192446931998
255,201,200010,35,35.0,1.229325182364566,1.8881083368469362,40.0,149.1101731724026
350,202,200002,39,2.34,2.149932215468144,0.09733211051578124,80.0,167.64330871337307
675,102,100002,143,17.875,7.1756340678317,0.23493709847304817,80.0,1139.711676781579
158,102,100001,126,15.75,7.271342639241672,0.24811561524288653,80.0,1027.4517400650543
519,202,200003,181,10.86,2.1721744507902,0.0615489101377606,80.0,484.3039283279608
743,102,100014,91,11.375,8.50141647441937,0.283683215309578,80.0,879.4440717653343
334,102,100002,54,6.75,7.1756340678317,0.18112676459988497,80.0,477.26508495130554
413,202,200002,20,1.2,2.149932215468144,0.10795437501024707,80.0,125.15773180956782
536,202,200003,143,8.58,2.1721744507902,0.0707342957770758,80.0,400.7359507591204
732,202,200003,102,6.12,2.1721744507902,0.07606900639568379,80.0,309.32083263296016
886,102,100002,27,3.375,7.1756340678317,0.24570288670341026,80.0,280.37609777244796
242,201,200001,39,39.0,1.103144063349761,1.5200374958012466,40.0,142.3040808068893
0,101,100014,523,130.75,5.229031043855967,0.4668457269685762,80.0,3058.943551141236
